customer_id,age,income,signup_date,plan_type,churn
4685fbe6-2779-4813-a5ff-9525d4c24d75,999,50985,2023-12-10 17:00,Pro,1
bede853a-956a-45b7-9294-e223312eafb3,53,24988,2023-01-13 16:00,Basic,1
e178dc37-536b-4b89-bac0-73c44844fb98,71,,2023-11-19 21:00,Pro,0
8f09daa6-b5b6-4bb5-af4a-013b6fb6a11f,18,89054,2023-09-17 01:00,Basic,0
06b11885-1db6-4e71-83ab-1aaf32024faf,38,59117,2023-02-18 17:00,Unknown,1
9808970f-20c1-4c87-9123-06bff4e7454e,62,51300,2023-11-22 02:00,Basic,1
dfd51649-a650-4a8d-8296-11f2bfcc51c5,61,99365,2023-04-03 07:00,Basic,0
f79b4dc7-1ebb-43b1-b5c5-fe5e514331ae,23,103762,2023-01-25 15:00,Enterprise,0
a15cfa08-f358-4fcc-83d0-e5fc959b60d0,66,54743,2023-08-04 03:00,Enterprise,1
df80ac82-4319-4497-aed7-bf3fd697164d,73,22708,2023-12-12 03:00,Enterprise,1
81460b66-3e2e-456f-93b6-0e3e4a0e1002,49,35803,2023-04-14 19:00,Pro,1
9434d533-0e6a-4b3b-8545-15f6d7082643,20,59961,2023-12-01 04:00,Pro,1
d4e17241-fbf5-44ac-bd22-a78518b2f82d,999,49517,2023-04-04 20:00,Basic,0
d2c6f446-b16b-4d08-abe9-7ac63ba3bbee,52,110125,2023-12-19 17:00,Basic,0
1ec945a0-5d9e-410a-81a7-40ead8b9b854,21,,2023-12-02 20:00,Enterprise,1
ae11046f-ee97-4c7f-9d6c-6ab6fdc8f74b,58,58549,2023-01-14 22:00,Enterprise,0
3c32e729-b77c-4f03-ad69-6959bb830a03,34,56918,2023-06-16 09:00,Basic,1
4029c0f0-4dae-459e-b6e2-21f5a1ff8053,75,23566,2023-02-27 23:00,Unknown,1
52df63d0-d6b4-4c04-ae63-ca75c9669f76,63,30948,2023-05-23 12:00,Pro,1
0fbfe591-14b1-421d-889a-a7a27ae6d823,54,60650,2023-09-01 08:00,Enterprise,0
b4374cf7-1aef-43c9-859a-e060727d6981,21,,2023-04-19 06:00,Basic,1
980d2dc8-1205-4222-8d0c-4425c11f6905,66,28171,2023-03-04 18:00,Enterprise,1
9f33c985-35d1-48c6-91b3-263b63690144,28,62611,2023-09-16 21:00,Basic,0
1934473e-6034-4ff1-ab3f-47c86e8516b8,28,61316,2023-08-03 13:00,Basic,0
5cbc1332-6f45-4f13-8d14-f76746da9b9a,58,50154,,Pro,0
90c51ac1-b377-470c-a913-8b650729e148,999,57785,2023-04-01 04:00,Basic,1
0a30b265-5ba9-44f1-8f73-335392ee231c,62,24304,2023-04-12 04:00,Basic,1
17c3405c-84fb-453b-aa05-41a30b7ef6ab,51,46525,2023-03-22 11:00,Pro,1
f4b22ae0-1d9e-4e80-a9b2-754bf6426114,64,52568,2023-02-28 04:00,Basic,1
35798fa0-ce11-41b3-9f20-fa00ab9db78d,43,49407,2023-03-16 11:00,Enterprise,0
20c3eb65-42b4-4393-9c85-f69f037a9d34,48,23886,2023-05-18 23:00,Enterprise,1
00804890-6149-4ebf-9558-8579bcd3a147,37,119419,2023-11-10 01:00,Pro,0
42665f11-fabd-429d-ae26-7a9c9e1cd1f0,71,34050,2023-04-07 00:00,Enterprise,1
d4214aa4-6b6a-4138-b084-4ad26306fed3,20,33560,2023-08-10 03:00,Pro,1
79976190-134e-4528-9f9b-efe4d5fe1085,45,69111,2023-05-25 04:00,,0
358c13f8-ef80-4d4f-b1d8-19a3900ad41d,20,62741,2023-06-22 14:00,Enterprise,0
958b76be-49c6-4da3-a564-1b693be58ab3,68,88326,2023-04-16 15:00,Pro,0
e267cd24-83a5-4ef4-b432-c0bc71c7153b,43,51433,,Enterprise,1
18cdeb75-7524-4d7e-8ab6-ef97911802a7,60,96068,2023-03-22 17:00,Pro,0
91ae4f60-5a0a-4b31-ae13-1f2a6913aece,,56880,2023-01-04 07:00,Enterprise,0
e5ec87aa-884e-4deb-bdde-039afa384885,999,35820,2023-02-14 07:00,Basic,1
d3df0c23-3fdc-4c8b-b417-63127e42a68a,30,114379,2023-08-05 19:00,Pro,0
08b18274-b236-4b78-9e93-34616ff58909,,43376,2023-09-19 05:00,Enterprise,1
dbc2e2ab-a822-456f-bc20-3f1e0b3f3eac,54,50169,2023-10-17 19:00,Pro,1
845b69c9-fe3d-4f50-b1a3-30d690649896,43,114688,2023-02-17 23:00,Enterprise,0
1b7612ea-e57b-46a5-9403-d5d72ecddfaf,43,44287,2023-08-02 21:00,Basic,0
d191abaf-ec2a-4cca-9365-9150cba0ce06,70,30289,2023-07-08 23:00,Enterprise,1
6a153e96-5104-4942-9b2f-e165eb42b037,25,23038,2023-05-19 00:00,Unknown,1
af3563d5-5a27-42b2-a1d5-81bf919c2495,23,51911,2023-03-11 04:00,Pro,0
f54b40ed-fc0c-42ba-956b-7dc33376174e,36,117681,2023-05-13 14:00,Basic,0
b61ef2cd-eaf7-4b05-8c50-2a028ab6753e,55,78796,2023-02-11 08:00,Basic,0
b5d00cab-ac19-46c4-8f29-019dfa611876,21,,2023-07-20 08:00,Pro,0
dc8d141d-296d-429a-b3af-d5ae2d789a68,28,97931,2023-11-03 15:00,Enterprise,0
3f8ad2d5-092e-43c4-90d5-a0f01fce5504,47,38541,2023-12-19 09:00,Pro,1
2b48efb9-25a7-4b90-8955-33292483e7db,55,78315,2023-07-19 09:00,Unknown,0
a3e70cf3-0102-4836-bd60-aa814ee16ad6,31,25485,2023-01-07 04:00,Pro,1
b2ca883e-fce2-492b-9192-0c2d4171737c,36,29045,2023-09-22 09:00,Pro,1
77510b15-ceff-4a89-97e2-bf68094aadf3,36,97945,2023-01-09 22:00,Basic,0
ec7ff065-0c64-409b-bd5e-4d1b28976daa,51,40301,2023-03-17 20:00,Pro,1
8d18ba52-dcf7-45d5-a1d0-d2eb161fdd11,18,52058,2023-11-16 07:00,Pro,1
38e1e5a6-936a-41d3-8211-368457a36fbd,31,57703,2023-03-17 05:00,Basic,0
62b39bb1-2b12-46f9-9784-bed1ccb3aace,24,77645,2023-08-06 15:00,Unknown,0
edc282a4-1278-45b5-a44d-6ac98fa453a8,74,66774,2023-03-03 09:00,Pro,0
3cc20f99-b8f9-487b-a1ca-c63ba67b5bac,43,34419,2023-09-09 22:00,Basic,1
17920d96-78e3-4a08-9baa-39625f63615b,999,35463,2023-08-05 15:00,Enterprise,1
8568d491-ccc3-4804-9021-093cd0808077,52,30534,2023-02-17 23:00,Pro,1
addc375e-d690-40f2-a5a9-80a2f16b5864,50,55524,2023-05-07 13:00,Enterprise,0
5d16ff65-9936-4efe-9c74-a552c7171e76,45,32712,2023-05-13 02:00,Pro,1
aebc4a2c-d5b6-4b16-bb14-9d0bdf62bf69,46,31545,2023-05-01 15:00,Basic,1
fc7eb9c0-e1ea-4c86-8429-684676bc7065,31,53203,2023-09-01 09:00,Enterprise,1
c8bdbced-923f-483f-a455-3cddaed5a232,26,23904,2023-09-22 22:00,Pro,1
09b0368b-ef03-4d00-8519-4e83a8bf7709,55,73842,2023-02-23 02:00,Basic,0
c0d6d6aa-07f0-4d16-b131-522544134770,,23656,2023-09-09 07:00,Basic,1
48f92cb3-21d1-4bdb-8494-c7ccb25f7a2d,73,44331,2023-01-15 18:00,Basic,0
b2dcb278-bf3b-434b-bf2a-64ccead05a30,50,29921,2023-07-10 13:00,Pro,1
10a16736-defe-435a-b05e-f58c2e59cb17,41,54128,2023-11-13 04:00,Basic,1
5d352c00-2419-441b-a34a-c6adf08415dc,54,78880,2023-10-07 16:00,Basic,0
d954dcf7-e2d7-45df-bd98-87079c2baf9b,23,57014,2023-02-19 23:00,Basic,1
cc69c4c2-df8d-47f1-ae6a-58968df5e5ca,60,62674,2023-01-01 05:00,Pro,0
65591e01-721e-411e-b451-7400dce02faa,31,,2023-02-26 11:00,Pro,1
785baaac-0aa9-4879-af59-f2a2de95c933,24,57525,2023-05-03 19:00,Enterprise,1
c9678f23-b0aa-4e45-8496-46e67364eccf,52,70029,2023-03-17 09:00,Enterprise,0
05760de2-345b-43a8-a811-09ae34857e20,18,41820,2023-12-07 06:00,Basic,0
4b820f47-c7df-453e-b60e-7f9daa4b9ff1,38,55285,2023-08-28 15:00,Basic,1
e44a0464-f5d0-4f11-b6da-08372699fcd7,37,21838,2023-10-01 20:00,Pro,1
89e98c9f-9fdc-40bd-af19-2f06b73259f1,67,38354,2023-11-10 05:00,Basic,1
91bdb1ed-b7c8-4af9-9b54-3e744fe19bc8,58,,2023-11-25 06:00,Basic,0
a4310b3b-250b-4859-8003-4319d5664ebd,,43184,2023-02-15 13:00,Basic,0
2e07e36e-ebec-4baf-a353-7caa1578ff3a,67,52251,2023-03-25 19:00,Enterprise,0
a695e207-15f5-41b5-b78f-f4a980f68b15,39,22042,2023-09-08 21:00,Basic,1
be206fb6-9712-4942-8d08-7e8e660c934f,37,93669,2023-05-19 22:00,Basic,0
7f7a05fc-5f1b-4f11-aded-4a2322eddaa2,59,64076,2023-12-24 23:00,Pro,0
bc8cb261-d522-4fed-8912-a43b52200ba4,29,20947,2023-09-20 07:00,Enterprise,1
17f30588-ee2c-4441-a82c-10d39c942f04,,28313,2023-08-23 00:00,Basic,1
6c543b7c-eb8f-4807-a70e-5ed91a08563b,55,23388,2023-03-25 23:00,Basic,1
5a5ec0f6-83fb-43db-90ec-620bd8c67049,75,111415,2023-01-20 18:00,Enterprise,0
2b464dad-118b-4d15-96b3-95469b98d66c,32,48164,2023-11-15 16:00,Enterprise,0
ad404000-a971-42db-b7ef-158add7edf77,46,55307,2023-01-14 09:00,Enterprise,0
296825f4-dce5-4dfd-b672-8b1815f4f758,47,37181,2023-06-12 11:00,Pro,1
204b9a06-c3b7-4467-bd65-a08c54311b2f,75,115712,2023-07-15 00:00,Basic,0
8e10c888-16c7-487b-9bda-2684ac0c164d,28,42378,2023-06-26 10:00,Basic,1
37102d6f-2edd-4339-9491-8b841b900b39,58,36122,2023-08-24 20:00,Enterprise,1
d4100e86-2966-4cb8-b64b-c3fc2dcdc245,28,86751,2023-05-19 16:00,Enterprise,0
bafca053-5cb1-489c-9424-afc700c8b4dc,33,119917,2023-03-15 11:00,Enterprise,0
52bb588b-3ffa-49e5-83f1-afedc17ca76d,53,42732,2023-01-06 11:00,Pro,1
14c3a041-3cab-4bc5-8f91-b11fa6549b14,69,37163,2023-02-08 04:00,Basic,1
dcf41851-9ef3-439c-9b1d-63b5b9303c58,19,46531,2023-02-03 12:00,Enterprise,0
0990290d-35ff-460a-a936-b68c0c885756,58,40564,2023-01-06 23:00,Pro,1
40c7be03-7177-4cbe-8ac6-b0617b9d766d,72,107951,2023-05-25 03:00,Pro,0
b80e445f-a92a-4f6c-aa73-9d40f3251887,45,,2023-07-05 06:00,Basic,1
ccdcee06-6bbb-4d80-81ed-fce65d3db751,45,51124,2023-11-12 15:00,Enterprise,0
0a339c5a-4c62-4517-a3c7-6c577ca2342a,49,73075,2023-08-14 19:00,Pro,0
52d65dc0-3d7f-4f4a-9af5-0512681b0692,63,89857,2023-07-25 16:00,Enterprise,0
1ba09fee-158f-4be5-a414-348b7820eca6,67,54917,2023-02-25 19:00,Enterprise,1
28109cd6-c3a4-4f15-b671-1731690cad71,56,44209,2023-06-07 19:00,Enterprise,1
584270b7-3392-4639-81d2-8404d42a74eb,42,37440,2023-03-09 03:00,Basic,1
5e2c3819-0fbd-411f-ac34-09e350546c1b,47,32818,2023-01-06 12:00,Pro,1
b98e7c55-839d-4216-9347-7b19dc9d6751,45,101534,2023-12-03 01:00,Pro,0
b3b9a3cf-cdb9-40b3-9e35-cc05b91ef372,23,94781,2023-03-12 14:00,Unknown,0
8384a429-ba58-412f-a2d6-6531bf3d20c1,43,50720,2023-12-27 21:00,Enterprise,0
8903c263-40d4-44da-927c-1b74bb54f2ae,74,84298,2023-01-25 13:00,Basic,0
fa54223b-d6ae-4201-92f2-56ad4446da91,48,,2023-07-08 13:00,Enterprise,0
9b3203f1-2e80-4f35-b169-c0bbb9bb1a44,38,,2023-02-22 16:00,Unknown,0
a1c5a86b-a14b-4f22-8865-a35dd97656a9,39,100909,2023-11-01 21:00,Pro,0
b13a8e24-b648-4973-a0f1-b405a4d18a77,999,28371,2023-09-01 15:00,Enterprise,1
1c518026-6fd2-4d41-8a89-12391fae1752,63,,2023-04-25 15:00,Pro,0
69ceb390-bb29-45e2-9347-025e8b940fd3,71,114431,2023-01-26 23:00,Enterprise,0
ea9e70a1-05b8-4aa1-81a1-82fa0d35ca5a,52,50858,2023-01-13 06:00,Basic,1
dce56f77-6ad2-4bdd-b778-2cb9cdaa8fd7,44,33144,2023-09-27 17:00,Enterprise,1
b4124e5d-1b4b-46b6-ab20-8e5de306cfa6,20,56752,2023-01-19 15:00,Pro,0
19419b48-92db-457a-a400-e62fcf130e8d,39,53315,2023-03-21 14:00,Enterprise,1
17b20c20-6a13-4cff-b96f-15ba6e3d7821,53,49676,2023-04-10 23:00,Basic,1
5fb714d4-dce0-4449-b4db-5a5cda2d5fd5,999,23297,2023-08-05 03:00,Basic,1
cf427017-c7d9-404c-baff-affd3de1348c,62,29385,2023-09-09 10:00,Pro,1
60cfcefd-e41a-4746-a8d6-56d563d41202,44,28948,2023-07-02 08:00,Pro,1
9fe7cae5-9fc7-42f0-8086-1308e40d1ea4,31,106228,2023-07-23 04:00,Enterprise,0
94d5a196-b558-4b0b-b17d-2374290ca9bb,,115877,2023-08-13 13:00,Enterprise,0
284c02e3-381e-4ace-ba91-79a2cea1f387,59,40755,2023-01-17 01:00,Basic,1
a18bd2a4-60bc-46cd-a60b-28d6ec2e9cc0,30,46942,2023-03-18 09:00,Enterprise,1
1325448d-0e2c-425e-b6b7-9ef5b1759d38,57,37748,2023-01-04 16:00,Enterprise,1
118d520e-c983-467b-9609-2294de9ec127,,58545,2023-01-12 08:00,Pro,0
00d25bfb-ead7-47fb-9d44-a19e22cf7d35,27,28842,2023-12-25 04:00,Basic,1
e7c628d5-7174-4e57-9934-4f354cf569c4,44,49753,2023-10-16 05:00,Pro,1
3a21ff9f-abd4-49df-9e8d-1df181ea339a,25,,2023-07-08 05:00,Basic,1
7f805e04-e8f7-4e61-9cb9-4dcd53d4e98e,21,46639,2023-10-12 04:00,Basic,1
90eec18f-beb5-4289-83cb-3691cbe6440f,64,106359,2023-06-08 07:00,Pro,0
2b3e9bb9-e44e-4374-8e70-a0c69b30c1bc,53,52688,2023-10-11 10:00,Unknown,1
d0c364c3-b042-4828-b0f9-537372eff262,999,24062,2023-12-19 13:00,Enterprise,1
5b6019b3-229f-4cc1-b971-bca97f88ea4a,47,,2023-01-14 15:00,Pro,1
7e5db8a6-08d5-4053-a8e5-9e537533fe06,51,50435,2023-03-10 06:00,Pro,1
74da95f7-5c66-4e0b-9d49-beb3acbc33c2,,43780,2023-02-02 02:00,Enterprise,0
4bb4df6d-3eb0-4247-8828-faea46fe1e43,19,,2023-02-20 21:00,Pro,0
34b592c9-6551-4d9d-b3e1-313518fe02f2,19,46031,2023-02-17 10:00,Basic,1
7f5af5d3-da91-4cba-b4fa-48d76328672a,73,44801,2023-01-08 01:00,Basic,0
d90561fc-e570-4515-ab05-1a48f2251630,32,,2023-06-07 19:00,Pro,0
6bfdd13f-4f12-4c8f-a10e-0f5e4e41770f,51,56242,2023-03-24 07:00,Enterprise,1
87ab7771-821e-4aad-9d2e-41986b1512bd,27,66114,2023-12-16 12:00,Pro,0
2cbf05a7-7365-43aa-85f1-6fe0fd74be40,46,56286,2023-05-14 18:00,Basic,0
3624cd5f-653c-40b7-8d1e-0084758a3ccb,61,44056,2023-12-21 01:00,Basic,1
1d63df38-9f40-4314-ab8f-a18f51f95a58,67,26366,2023-01-02 03:00,Pro,1
504193bb-e217-411b-bd4c-f2707cf08525,48,117373,2023-04-21 15:00,Pro,0
03f31af1-d80b-49e3-9558-4ca994237541,57,,,Pro,1
64b63d5c-2baa-47ef-826e-9dc2c32da32f,67,41100,2023-03-28 08:00,Basic,1
6260a265-534c-47a1-bbdf-d3bf9c605e7e,55,107102,2023-12-15 19:00,Enterprise,0
19d85d97-356e-4300-9030-f29a88ec0fdf,41,29953,2023-06-15 11:00,Pro,1
0a0de6c3-3ca3-4842-a377-54417d510966,41,97333,2023-09-19 09:00,Enterprise,0
a4de85c0-d669-409e-87ef-c28a83966bab,41,46857,2023-08-14 08:00,Basic,1
f3e34eb8-807f-4c9c-b11a-c1cb4f36c4a1,37,38160,2023-07-19 01:00,Basic,1
8b0089e2-e943-4c6b-aee0-c3661547fb47,999,,2023-05-12 03:00,Pro,1
a4f526c5-8fcf-4e63-9947-dc3ee3351ea1,73,89267,2023-10-24 08:00,Pro,0
6b141b10-d772-4d01-871b-2d7bd8a8f591,63,,2023-07-08 17:00,Enterprise,1
54134309-64bf-43be-922e-2727dbe0ad05,999,21904,2023-01-26 03:00,Pro,1
c7f6f439-67cc-4b85-aa25-80bbeb0f8a68,44,33858,2023-11-25 19:00,Pro,1
a0795c22-8595-466e-840d-e083c12cbf81,22,109463,2023-12-08 23:00,Basic,0
93b54087-5939-4a93-94b6-413c9636a12e,24,112378,2023-10-20 16:00,Basic,0
cba759eb-4a5c-46dc-8538-103aa8524269,21,40622,2023-12-21 01:00,Basic,1
189dbf8e-e217-458f-af8d-e0cfc18baf3e,41,57398,2023-06-24 22:00,Enterprise,1
24ec6949-02cb-4758-93c9-ddc2b01a473f,57,69932,2023-12-02 10:00,Pro,0
1ae4dff6-7005-4ff9-a69c-0ca46a11b880,71,21530,2023-01-15 12:00,Enterprise,1
7d849949-0fbc-4952-af00-dee06ca0d4e7,61,46325,2023-02-06 18:00,Unknown,1
bef5b80e-ca93-41ea-94a8-d3a0add70323,31,33137,2023-11-28 09:00,Enterprise,1
e13b34f7-3215-458a-b843-3a4ef033b670,999,62404,2023-11-03 15:00,Pro,0
99581d4f-4cc1-4722-9e7f-1237a91ca15b,56,65783,2023-01-05 21:00,Pro,0
766dc5aa-c187-4464-84ad-7555cf325536,999,118940,2023-06-16 23:00,Basic,0
99235a7a-7b84-4c11-ae2e-3b7ee7d372bd,45,40806,2023-05-08 17:00,Pro,1
aab2c20e-0c10-4a14-a69b-4519cfb452e5,59,47303,2023-02-03 19:00,Enterprise,1
5f089c33-10b8-4e0b-9d9f-5ff508e8c3bb,55,97857,2023-07-01 17:00,Basic,0
da7a40b2-5041-4945-affd-bddc7569bb17,22,117837,2023-09-15 13:00,Basic,0
c3257017-0b92-487f-8762-57b6c532019a,27,55759,2023-02-15 00:00,Pro,1
3d8a4239-2891-48d4-b7b2-acdf7876edc2,39,56632,2023-05-28 03:00,Unknown,1
88ae5b5e-f028-44a6-a245-10802abfb8f3,51,53886,2023-01-06 15:00,Enterprise,1
5327f007-bf22-496d-9ea9-f7fb8f4cb1e4,40,47490,2023-11-24 20:00,Pro,0
9f46efbb-0f62-49ea-995a-538b38880ebb,40,81414,2023-11-04 16:00,Enterprise,0
0afe8a93-4929-46e8-83f9-2e7ff86c83b9,999,,2023-04-12 16:00,Enterprise,1
20161b13-e3e5-44c3-82e8-3311d191f136,40,88394,2023-09-23 03:00,Enterprise,0
4f9b0da0-7892-40e2-9f18-8e0481cbf704,27,44109,2023-07-11 10:00,Basic,1
feb5cf17-d246-491b-a81d-1421ca0d64b7,59,89417,2023-04-21 02:00,Enterprise,0
c31c0ae2-761c-49ef-9cbc-0bbad1b9bb02,59,70167,2023-10-26 07:00,Basic,0
881854bf-54b5-4893-a267-200cbe290322,46,74883,2023-11-06 16:00,Basic,0
e2b288e9-6ff8-4e98-8770-7020bf86e3f9,,24529,2023-04-27 17:00,Pro,1
5c640c56-a4d6-462e-bca0-d6ba0218bc4f,54,112314,2023-09-28 01:00,Basic,0
e6b7c81c-5655-43f7-bb11-0ab6f6b2d293,19,59943,2023-02-06 05:00,Enterprise,1
6d3ba9cc-3fca-427a-9f36-c48815284765,74,,2023-09-06 22:00,Pro,1
fdedf566-f697-44dc-a158-db878fa3e2a9,32,47986,2023-03-04 19:00,Basic,0
aab31f78-af31-4f85-8eaf-efb5b306a591,68,46117,2023-10-19 06:00,Enterprise,1
9f1d9466-e7a0-44d6-9988-cc9793419705,24,33577,2023-10-01 15:00,Basic,1
5f26db8a-4112-43a2-8d40-1d4b9ee45539,61,66548,2023-07-03 18:00,Basic,0
d303d0c5-c1a9-45b5-9b6e-e55483af73d4,74,102049,2023-12-19 13:00,Pro,0
169f8eaf-93c8-476c-9a53-dde74b1cca0e,41,,2023-02-03 16:00,Enterprise,0
f996204f-cfd8-4831-ba3f-037ef5be3708,26,,2023-01-11 05:00,Basic,1
a00edc74-d59a-4c3b-82ab-7046cc713c48,44,38936,2023-12-01 00:00,Basic,1
baf46a10-d3f2-4cf8-bc7d-f33630f890df,49,,2023-12-28 08:00,Basic,1
f7e9aa9b-4182-453c-95f7-b148072b96a4,55,43039,2023-12-19 19:00,Pro,1
7afbee18-c037-441f-a1ef-9f94b052d590,49,50063,2023-09-19 02:00,Enterprise,0
bfdcc2c9-4a8f-4886-9fe4-2e9555ad1424,42,110647,2023-12-18 08:00,Pro,0
43d4ef58-cdab-4e23-aff0-205e123c488b,,,2023-08-19 21:00,Basic,1
0a4a947f-cfb1-4ad8-b1c5-66204f52fcea,58,26585,2023-05-11 08:00,Enterprise,1
e1883e90-1034-4a40-8bc7-5b7a89dde456,53,44694,2023-12-10 12:00,Enterprise,1
ea2459a0-3ca4-47fd-9d2d-e5ba773af9c7,62,47969,2023-10-03 14:00,Pro,1
461099ed-cf10-4278-a03c-f0d5d7d90af8,60,20264,2023-02-28 19:00,Basic,1
cd6e4d78-d107-4b7f-8809-336cb8a78454,67,111794,2023-09-02 08:00,Basic,0
6115bcd3-4a29-422f-92dc-977ee661b765,37,20497,2023-12-04 15:00,Pro,1
da876c7e-857c-4268-9424-d4660d277f4e,39,54369,2023-09-08 20:00,Pro,1
4ba51850-431f-4155-b55e-428de0861e91,22,47158,2023-12-03 04:00,Pro,1
60868043-333e-4674-ae7c-32ee45af6989,58,,2023-06-19 15:00,Basic,1
f6d0944d-5047-4302-9e37-c492b977aff7,62,,2023-02-09 10:00,Basic,1
d239fde4-3a16-4fd3-8533-bcf173a06d44,45,105217,2023-10-17 11:00,Basic,0
ed8cfd2c-344d-4aad-bc38-ed8172d69dca,27,38717,2023-03-20 01:00,Enterprise,1
186de469-d848-4131-a82d-da03f1240079,18,111195,2023-01-01 07:00,Basic,0
81ca9fd9-a335-425b-a77b-82134a64ad17,33,60781,2023-12-17 11:00,Enterprise,0
73ec13ab-1b31-4c17-82f4-9603065e09ef,52,42985,2023-07-17 08:00,Enterprise,1
10bd9d8c-1a94-4de2-b024-bce88bc0c9ba,68,44791,,Basic,0
d3fe1ae3-b519-479f-bf77-f81ca431869d,27,92628,2023-06-06 00:00,Basic,0
0973d12c-fe45-410d-890b-22b4e7f4dfde,41,55187,2023-12-12 19:00,Basic,1
75003fc7-e731-42dd-8f3b-68ad9d1958c9,56,109070,2023-06-17 07:00,Enterprise,0
514b2d3f-996e-400b-af18-3859c52b7bd5,35,55363,2023-10-15 22:00,Basic,1
06c933fc-fc04-41dd-8740-0ba8162b6fa4,26,65358,2023-01-05 18:00,Basic,0
923bda45-3a40-42cc-8d33-5d793f6fef96,62,22006,2023-02-24 07:00,Basic,1
fa4f1b4e-ca1d-4b71-93d8-8273f2f91163,74,48855,2023-06-16 19:00,Enterprise,1
9c9b03fc-3586-434a-9e88-987a5031ec67,21,31377,2023-05-13 21:00,Enterprise,1
cb7de88f-224e-4973-9388-467c390f4fb8,62,93365,2023-01-24 12:00,,0
b94190a6-27c6-439f-8580-4172289ef2d2,22,,2023-06-04 20:00,Pro,0
223ed264-ba04-4a91-8804-22929f5d978e,39,,2023-02-02 14:00,Enterprise,0
a40e3d6d-f45a-4f83-84ed-5a0a402f9a14,46,32162,2023-05-26 10:00,Basic,1
8ded3597-83e4-43b9-acf4-2e55a852a3cc,73,67973,2023-08-24 19:00,Basic,0
e01aa7f9-a8dd-4fc8-8a08-6ce7e19c75be,60,87822,2023-12-15 17:00,Pro,0
d3d30c66-5256-4397-acd7-f9204030721e,48,30524,2023-11-06 07:00,Basic,1
23dcc60f-a470-4f81-88b1-79fd8dbbbd1e,,42138,2023-03-07 05:00,Enterprise,0
e04291f2-9dd7-4620-a0ac-fba1b5962fdf,64,44132,2023-04-19 04:00,Pro,1
a24754d2-feb1-4f32-91fc-7922bce2ee41,43,67775,2023-07-11 21:00,Basic,0
0ce729f1-bc7c-487d-b612-9929e7b29cf7,44,47922,2023-05-20 02:00,Basic,1
f3996e8b-15c0-4301-8a7b-8558d1c65801,33,31132,2023-07-21 22:00,Basic,1
3d2883f8-6388-48a6-888d-633a13e131df,54,,2023-08-24 05:00,Enterprise,1
9c49a224-bc90-439a-ac60-8602cb03a753,60,49006,2023-03-07 17:00,Enterprise,1
bf163a22-bbcb-4f6d-a816-3933980d8825,56,,2023-06-10 14:00,Enterprise,0
fd85ad64-024c-4667-b779-05b506a21827,70,27367,2023-06-11 20:00,Pro,1
548413cf-8115-42a4-b7e4-081cebd0326c,64,20495,2023-07-08 05:00,Basic,1
68b74f50-3193-4b14-802f-f592950733c1,64,87664,2023-01-22 04:00,Enterprise,0
0a954650-9c5e-4016-ae3c-fdc852c24c85,37,45557,2023-01-01 22:00,,1
68bacc3b-bcfc-4669-a3f9-82a7e4923499,68,57891,2023-04-17 15:00,Pro,0
da4d1402-6cc6-40f9-a2d4-2e7508ef86f2,27,28992,2023-04-14 17:00,,1
92b34a42-e05f-4742-a72f-258e208f4a11,999,56755,2023-03-14 06:00,Basic,0
95bd01ca-bb3c-44ad-bb42-23e67a9ce9ea,53,96342,2023-02-21 16:00,Basic,0
daa87b74-8ee5-46cb-ad42-e50a1eed1550,45,41214,2023-04-20 11:00,Basic,0
08116ad5-7906-4c7f-a1d2-805db63a30a8,70,45627,2023-09-19 00:00,Pro,1
6c46db71-e92e-42d2-8cc8-2803d8d2ab1d,68,78674,2023-07-23 06:00,Basic,0
0f543664-9261-4bb6-8b11-613061dff006,73,71128,2023-08-17 16:00,Enterprise,0
80167de4-984c-4c71-b0d6-dd4bc594529e,36,91515,2023-07-13 08:00,Pro,0
07ff7d08-e990-48b7-8b29-139526aba16f,48,22387,2023-03-26 21:00,Basic,1
57ce1357-89c0-447e-9d51-4535b8f37d42,50,42735,2023-07-07 00:00,Enterprise,1
8f1d32c9-9af2-429b-b7b1-2162bd1c2e54,34,53772,2023-09-18 01:00,Basic,0
9adee1ff-1a80-44f6-bc20-66458de4fa3a,38,38213,2023-02-14 07:00,Basic,1
dda1e175-7eac-4d55-a026-3036bf0aea5d,41,46207,2023-07-17 00:00,Enterprise,1
2fafca4c-138c-4ea6-b65f-1f9b46a4f8b7,60,35961,2023-02-20 12:00,Enterprise,1
befab21c-de76-4820-b4fd-1aff19f21c80,43,101598,2023-03-10 19:00,Pro,0
363b6a86-0f53-4bbb-8ddb-23a19eb160bc,43,107538,2023-04-07 10:00,Enterprise,0
4f7ff804-97cc-4026-949b-cca2ac8c03f2,18,59954,2023-10-12 01:00,Unknown,1
0f56eefc-24cd-4f69-a089-295536d58d5c,75,33035,2023-07-21 01:00,Basic,1
27c46b3d-ab99-4674-98e9-7e29469ecdf8,32,51231,2023-06-10 23:00,Enterprise,1
1c718ef6-3d67-49c2-a86f-557766cf73fd,999,35924,2023-04-01 12:00,Enterprise,1
0477647d-3a74-47b2-a7a8-fbf49497be09,42,111135,2023-10-21 08:00,Basic,0
023c662a-e480-41ee-998f-0bb1fc9d08e7,54,51401,2023-02-05 22:00,Enterprise,1
918d844c-2336-4be3-b50e-16e44fda35ba,,,2023-06-16 06:00,Enterprise,1
3b982d2c-3994-4acc-9ebc-3bf6da2491e8,67,,2023-06-28 16:00,Pro,1
1d8f5954-848e-4b4e-bcef-15250dffc38c,46,32782,2023-11-02 22:00,Basic,1
4a09574f-46bd-49d1-9fca-5464ede99395,26,51510,2023-07-11 08:00,Pro,1
4c3b379c-0425-466f-acbe-af7e88b33f06,26,47999,2023-04-06 18:00,Pro,1
470cc4f4-3177-47ae-a26a-27e1f901a0f8,41,,2023-11-25 15:00,Enterprise,0
531fd5c9-c71e-45f9-9316-18e4e30537d7,60,46232,2023-03-04 23:00,Basic,1
112079f5-83e4-49ef-976c-42e478da4e2c,39,64090,2023-05-26 02:00,Pro,0
2e49c1b6-4208-47e7-80c1-e148af204879,46,99290,2023-11-07 04:00,Enterprise,0
d9677e51-5470-4079-8b8e-2c69d3db705b,23,85102,2023-07-08 01:00,Pro,0
d352fe2c-2737-4c1d-9471-c558b90111b5,53,25864,2023-02-08 09:00,Pro,1
3290dd48-267a-4eac-9b45-4a059152e41b,60,,2023-08-24 12:00,Basic,1
34250d93-0159-4244-a252-0a2eb2952d18,51,73629,2023-07-04 00:00,Enterprise,0
f59b8ea1-0e27-46d9-8ed8-7c178a09c207,74,61370,2023-05-28 08:00,Basic,0
8c1139b0-8850-462a-b44d-1a5929e6daed,,52724,2023-01-13 00:00,Enterprise,0
829ba3ba-02e4-4c77-8bb9-0237b43f0018,52,44286,2023-05-26 05:00,Enterprise,0
ee446986-24e8-4dd7-85a5-3c41ec76fb36,48,44965,2023-05-26 21:00,Pro,1
7952c278-75a7-45c5-927e-88a05926d165,18,23638,2023-06-05 21:00,Pro,1
1df31107-bddd-4635-bfec-c3d9a442d377,57,58998,2023-06-08 14:00,Enterprise,1
15e049d0-17f6-465a-80be-20dcc8377ba9,39,,,Basic,0
35eecaeb-4adf-45c5-8bc2-f8a3c32486e1,45,100670,2023-12-24 04:00,Pro,0
1ea3cf17-e723-400e-b6e1-a3add02c967a,38,23278,2023-04-05 09:00,Basic,1
25b799d0-e9f2-43d0-9869-816ba6b75930,45,,2023-08-18 02:00,Basic,0
5285d282-5023-44b9-9b5d-df6704c362ff,42,50719,2023-11-24 13:00,Basic,1
4bf9e691-9da2-4d91-a837-9758d7479f16,64,107319,2023-03-04 22:00,Basic,0
95312be8-5603-4dcc-8280-44b4d5113b9d,51,21695,2023-08-16 00:00,Pro,1
1be86eb6-0cbf-4cfd-807e-25797932e511,53,42490,2023-10-16 06:00,Basic,1
2d189594-8fab-4854-8814-0b5905d6e90f,48,24918,2023-06-25 10:00,Basic,1
ca6d2e62-a7ca-4301-96cd-115b28ae6270,29,80579,2023-11-05 14:00,Enterprise,0
d5826112-073e-404f-befa-6d0d45f2344c,39,75568,2023-09-16 22:00,Pro,0
a42177ce-63e7-4e3e-890b-dd183c9296ab,,51576,2023-06-03 11:00,Enterprise,1
c7d999f3-8e96-42fb-a5b0-8cef151a71fd,50,,2023-09-17 03:00,Enterprise,0
08144ff5-6e71-48a4-b75c-80395b38570b,20,47071,2023-12-14 09:00,Basic,1
c0e0d50d-f783-474d-a61e-6768d9566807,33,21844,2023-07-10 09:00,Basic,1
4c9d4e77-68f7-4ea2-a4cf-eded9658b6e7,999,111247,2023-04-12 09:00,,0
3419236a-b8c8-4bc1-a451-0900feba48f1,63,,2023-07-27 07:00,Basic,1
5917c0ee-d734-46ec-a5ed-7ff68a816040,54,56305,2023-03-07 02:00,Basic,1
c327d77d-4140-46ed-a06e-45b6c138c088,31,90246,2023-01-10 12:00,Basic,0
41b7d111-19f5-4390-a331-238153624631,63,104343,2023-02-04 07:00,Enterprise,0
7b2dc3f9-ffc7-4179-ba50-346b6f6db5ca,52,89392,2023-02-16 16:00,,0
21cc5da1-15b3-493e-a717-ebb1ed03a2a7,61,46528,2023-02-14 15:00,Enterprise,1
2f4c9904-edbd-4dd0-91b1-10eb70620815,28,43281,2023-09-20 01:00,Basic,0
dd72c9f2-c182-42cb-9ab2-fd10e4ba27c7,30,111433,2023-05-24 14:00,Pro,0
797a2efc-678a-48cb-a0bb-e725bad6e4f5,23,77466,2023-03-15 09:00,Basic,0
0ecf715d-eee1-4f3d-9def-52b00fa1d9b8,50,51134,2023-02-19 12:00,Basic,1
73376195-9816-4ab2-b248-06835b8f780e,23,,2023-11-02 07:00,Pro,0
88ff6721-5569-4be5-8ec8-816172656c7a,62,44973,2023-08-06 17:00,Basic,0
4887667f-d333-4a98-a120-9c54b4c2dd42,33,60741,2023-07-10 13:00,Enterprise,0
8acfb317-89cf-4cca-b239-31acb5558a0e,18,,2023-12-02 03:00,Basic,0
4d714772-0b57-4b80-837b-cf0ba77294ca,57,82063,2023-11-11 07:00,Basic,0
3c54b8df-2d07-440c-bf64-0dd861f44b29,41,67231,2023-04-21 14:00,Basic,0
e823069d-3bd1-4a82-9769-8f67e462c324,54,67043,2023-01-19 02:00,,0
015aea30-ab09-4a74-85d6-498ad200b8fd,43,111213,2023-07-05 20:00,Enterprise,0
38365397-2b1b-470d-a499-c9e578218831,33,30827,2023-10-01 20:00,Basic,1
bef721a0-861e-4272-8449-802a6eb7b0df,41,48274,2023-11-01 01:00,Unknown,1
5ea48b4d-4043-472e-840d-76793bc0417c,999,43390,2023-10-06 02:00,Basic,0
232764e8-8c7f-4f34-8a12-9da9679fe473,32,51875,2023-09-17 23:00,Pro,1
c4661859-b41f-4801-9cdb-630e195908f4,69,21066,2023-10-26 06:00,Unknown,1
3f523541-1773-4f8c-937f-09d1bddf1e3a,74,107839,2023-10-02 03:00,Enterprise,0
fffdc945-aaf4-4a8f-964a-3e68ed53a213,70,119575,2023-07-07 02:00,Enterprise,0
228752e4-439e-436a-95a3-bf2879c6f0e7,22,,2023-01-09 04:00,Pro,1
2deae9d8-c15e-498a-8f7c-2756a28bd3e2,72,38606,2023-07-13 04:00,Basic,1
3ce234a9-2f5e-49ef-a648-cfaf07dcd51c,69,70917,2023-08-22 10:00,Enterprise,0
4254549a-f34a-4cf9-a25e-36761cc29401,72,44365,2023-05-18 22:00,Basic,0
0283cc53-af6f-4f43-b907-864326372650,63,69837,2023-09-15 22:00,Basic,0
6b58ef32-a15c-4fea-91d0-2291e83523cc,55,49699,2023-11-20 04:00,Enterprise,1
2f873468-271c-4d73-843b-3225f6603b1b,26,31228,2023-01-09 12:00,Enterprise,1
a611f4d9-5568-4836-930e-ce7d3d32ccad,,,2023-04-17 07:00,Basic,1
d324bc23-423d-497a-9299-3717b8d9fe2b,63,26309,2023-04-17 20:00,Basic,1
cdd42667-fe91-4d40-b426-4b5cf58c4373,24,,2023-01-17 15:00,Pro,0
d2d4468d-2a6c-4a8e-9211-0a6e6a86e143,62,38730,2023-03-04 09:00,Pro,1
7d67aa4c-69ac-40dc-9eea-fc5949e10f1e,23,45749,2023-11-19 23:00,Enterprise,0
fb9ce16e-4659-4fb1-b325-9164789158f8,35,100465,2023-07-16 17:00,Pro,0
2bb53b19-b4a2-44f3-8b8f-fa17c9d5f7b6,48,45905,2023-08-01 20:00,Enterprise,1
b061f915-0dc9-4e36-8c88-428eb08c0689,34,32802,2023-02-25 01:00,Pro,1
4c61d24f-41fb-4668-a189-0bd09cc9ad3d,60,108293,2023-11-11 15:00,Pro,0
c8d47488-7a49-43b2-bd8c-5a93897e5105,18,101200,2023-06-02 21:00,Pro,0
5c4db7aa-7be6-40b5-83ef-6b02832f1e71,27,69970,2023-10-13 00:00,Pro,0
a0af8cb8-9061-4080-ae88-7a7269f5fb45,70,23670,2023-06-03 00:00,Pro,1
b21179ae-e978-4688-a2bc-ea0c9bf37535,58,77409,2023-09-13 10:00,Enterprise,0
2798a40b-d355-4f0c-8ae5-2d7705b4e594,,47459,2023-01-15 15:00,Pro,1
2ab6a487-aa0c-450b-b453-f422fa6b8d77,70,,2023-01-15 23:00,Enterprise,1
f20b6216-8d8f-4f12-8c9b-3cff3b02421d,,49317,2023-07-10 15:00,Unknown,1
dd01dbcd-417b-46f9-b2ee-eda434b1909b,28,39103,2023-09-19 14:00,Basic,1
f77592db-8a78-406f-ab22-3d3d2f8e60cb,53,42674,2023-05-25 03:00,Enterprise,0
44c11dd5-ccb5-44f2-9217-0377de1f1086,63,96986,2023-07-04 01:00,Enterprise,0
7a395db5-3fd7-4f29-84e1-7e9741ddf38f,20,96161,2023-07-21 02:00,Basic,0
992996f3-41c7-40fb-bf89-57309afa35ff,46,106013,2023-04-14 17:00,Pro,0
668b735c-6dd9-46e4-86cf-8db234335cfa,47,49486,2023-07-26 18:00,Pro,1
f84b2d7e-952b-4d05-b4ce-360417b844c7,,43192,2023-02-07 05:00,Pro,0
b6210aac-0ce7-4947-b6ac-333442591259,34,105292,2023-01-26 21:00,Basic,0
48f82918-b7c0-43eb-b09a-48f2f20535fd,,95944,2023-11-27 23:00,Basic,0
5f1d3272-1b8b-4ef1-b6fe-df21199d5667,25,47129,2023-01-15 20:00,Enterprise,0
c56b1ef3-95d4-469f-8418-7774d416d884,52,108749,2023-01-27 17:00,Enterprise,0
0c069144-b9a8-4b37-a74e-70a0be7de943,34,63539,2023-05-20 21:00,Pro,0
4ee26b9d-9668-4faa-8de5-fca149398ae4,64,54623,2023-01-19 23:00,Basic,0
7155a62e-7ddc-4d3e-8b97-c0f4628d7bd0,,105787,2023-09-05 06:00,Enterprise,0
a76dc92f-2470-4a6a-9974-89bc4bdbab68,48,101005,2023-07-10 10:00,Basic,0
0cd3d43d-2afd-463c-a655-5140065b5f13,,44208,2023-09-13 09:00,Unknown,1
6c51a245-e6aa-492b-8b04-1cf9504af6f3,30,53736,2023-04-07 02:00,Enterprise,0
4affe4f8-8e22-4648-ac85-33173f1df5ed,71,111469,2023-11-26 20:00,Enterprise,0
7c878cc8-1f88-4a7d-a941-60819049e447,50,45351,2023-06-20 03:00,Pro,0
7b8b83b3-9f3c-4fa2-8f22-783864d9ca94,63,99839,2023-12-24 10:00,Enterprise,0
799d8463-1017-4535-ba07-867c053790de,42,30581,2023-10-02 04:00,Enterprise,1
0925f8ff-e959-4b5b-97bd-d9ce308b7413,43,77032,2023-01-08 19:00,Enterprise,0
26aaba7c-6af1-4769-9114-7384ad7607c9,45,44500,2023-11-26 04:00,Enterprise,0
0be7eb1e-c76e-4e50-bcbd-e1ef5a40c3ed,66,47109,2023-01-08 15:00,Basic,1
cdc663fe-ac54-4967-837d-12d9c52b6de7,70,71934,2023-12-07 20:00,Pro,0
4222a060-2be5-453d-8a3a-1f748a9780d8,71,64458,2023-09-17 03:00,Enterprise,0
2f12d41b-f0d3-4b2d-aca9-46cf3dc7d580,64,42820,2023-11-12 14:00,Basic,1
4017f95b-41ff-4e5b-aa3d-24c45b754caf,42,45467,2023-09-03 08:00,Enterprise,1
d91adc59-ce24-4c94-8b13-bf17f564e0b6,,,2023-08-06 18:00,Basic,1
a1d1732d-ebf7-479a-8248-98af9459d155,50,49328,2023-10-10 14:00,Basic,0
44a65842-8478-4f9d-8667-4c5f6c509737,25,88463,2023-03-09 21:00,Basic,0
4b7a3237-071b-4a4c-af4b-19c5059fe8dc,75,92354,2023-07-20 19:00,Pro,0
a4f1145f-1887-4d38-8764-c3ddae9c1fa0,68,85510,2023-11-17 07:00,Enterprise,0
2f480b7e-c536-456b-a96b-f3135921ead9,51,37917,2023-04-25 00:00,Pro,1
8d58e530-575e-4134-9291-ea2d8b7ccfaa,59,104789,2023-12-27 00:00,Basic,0
ae35945e-b75d-44f0-9562-87befc812322,34,53882,2023-11-25 18:00,Pro,0
aa716ac6-fb60-413f-bf16-cf1b2ee7d2be,18,116306,2023-07-24 04:00,Unknown,0
ebe769a9-5813-4575-9989-5be58f0b8628,63,30373,2023-03-08 21:00,Basic,1
8fca3a25-ff0f-4e19-9f86-c51b4b4e4074,71,49145,2023-09-12 01:00,Pro,1
60614798-0bda-410e-adde-4de55ab3d4a4,28,38160,2023-10-04 14:00,Basic,1
3a92412d-5b4e-4087-94fa-fc6f7f403ccf,56,38189,2023-04-25 01:00,Enterprise,1
c4dac33d-4a92-4772-bc5d-fa522d6240d5,,47532,2023-08-23 04:00,Enterprise,1
b928bd51-b830-4e3c-bc09-a6d5652d297a,,44214,2023-11-23 01:00,Enterprise,1
4f283ab3-8afb-4181-8ef1-afa3fbe335ae,66,37672,2023-03-07 01:00,Pro,1
76ea4b09-492d-41ff-8dae-f18d783dddbb,45,73076,2023-05-22 07:00,Pro,0
2493bfe8-ee1c-4b09-a6bb-4e962e2d9f7b,62,52296,2023-11-21 19:00,Enterprise,1
2e364307-d63f-4520-b2c1-210361307f7d,43,,2023-05-17 16:00,Basic,0
b33a2900-b05a-40dd-8325-6693ab8b4e57,999,56523,2023-05-10 09:00,Enterprise,0
ea1c5135-409e-4b0d-ba19-91d1662e8cdf,46,32237,2023-09-22 09:00,Enterprise,1
3e844bae-4f53-4ed4-ad91-184341686ab6,53,42206,2023-11-25 19:00,Enterprise,1
dc8ef750-b2e2-4022-a8de-affed8803744,21,53420,2023-05-09 03:00,Unknown,0
72215253-44a4-4442-943f-cec81356c308,58,108166,2023-12-16 22:00,Basic,0
ec2e66e0-938a-4f38-a2f4-844c65e8e105,70,20945,2023-06-24 15:00,Pro,1
2834059e-befe-4957-ba31-e1a6d584bf33,999,,2023-02-24 13:00,Pro,0
3a371afb-323b-4855-ae35-9058580f93d7,21,62605,2023-02-05 00:00,,0
c50fdaa0-e44e-49c1-8669-0517fa3ddd72,74,30536,2023-10-13 03:00,Unknown,1
7cb606ec-28a5-4fe6-acff-e085edb7faf7,19,,2023-06-04 05:00,Unknown,1
c2150e31-988c-4226-8990-d3b103a0caaa,40,40250,2023-08-16 13:00,Pro,1
3d970948-54af-4149-bb3a-d138a8dc7260,26,116150,2023-04-21 02:00,Pro,0
5f8b27a0-a207-4369-bb43-dd70b4e11512,45,25362,2023-03-23 07:00,Enterprise,1
0878b46a-c838-49a3-917e-2d3cf971ebf3,31,,2023-06-01 01:00,Unknown,0
3708b099-7a79-4f2a-ac3c-064f1a431252,41,,2023-07-24 05:00,Basic,0
f7cde881-4cda-462f-9537-0b835f356a8b,37,41685,2023-01-08 00:00,Basic,1
9e2267fd-a3ee-4492-ba09-90cd3579c589,22,115869,2023-04-09 10:00,Pro,0
7037e301-5222-456f-a331-314073f11a24,35,26040,2023-09-10 02:00,Enterprise,1
bed1943f-f32d-4d97-842a-9597661eed7c,54,,2023-11-20 23:00,Enterprise,1
10c7978f-2e27-4b03-8c02-4872f963c34f,52,54667,2023-09-22 16:00,Pro,1
bcbcefe3-5e18-4938-bfcb-89b7f42a9051,50,111337,2023-10-16 12:00,Enterprise,0
decdbb71-881a-4ee3-8d47-26fe0a4251e6,19,96135,2023-07-05 14:00,Enterprise,0
6153a6b9-1908-4f80-ae6d-56ba575dc064,48,,2023-02-26 04:00,Enterprise,1
b531f54d-5e76-43d3-ac2e-e980bfa605a4,28,96478,2023-10-09 20:00,Basic,0
96a474d3-2315-4f71-b27a-3ccd58c355c1,20,24650,2023-08-01 09:00,Pro,1
6f8b0620-1ca6-4fec-bbef-b882c238fdab,52,90314,2023-12-03 22:00,Enterprise,0
782a6358-28c6-4075-b39c-eac4e10045c7,60,49766,2023-05-27 16:00,Pro,1
cc7c6898-59c6-4e6c-8bd8-4f6a1cc7a957,62,48943,2023-02-08 06:00,Basic,0
205d0e87-e56f-4662-9e3e-25734649f8a9,57,,2023-03-18 11:00,Basic,0
8cd06255-c49f-45fc-9a56-6271a38d806f,40,44529,2023-08-26 13:00,Basic,0
3ad45e3b-457f-4c41-b9a3-d2db8ac7a011,30,69711,2023-03-24 06:00,Basic,0
bedce9c5-c5d0-4e44-969c-5c95189f7605,62,,2023-10-15 21:00,Enterprise,1
64756db6-c39d-49a1-a2e8-6deeaf50b7f9,22,79654,2023-04-04 03:00,Pro,0
e20695ba-16d4-4580-ab7d-410eea96973d,35,,2023-07-09 20:00,Pro,1
1c5e1154-e931-47dd-8db3-9160d8a15f30,45,30410,2023-01-25 07:00,Enterprise,1
a8cacead-8f65-46ff-b959-3bff648a9fbf,61,24074,2023-08-01 17:00,Enterprise,1
04aa4adc-76b8-4b9a-b3d5-b780927ece66,56,91269,2023-07-25 21:00,Pro,0
97d132a5-c392-47cb-8a95-e51d7975d83e,28,56687,,Unknown,1
5f2af450-9fde-4c97-b369-77836fcd70da,35,80746,2023-02-17 05:00,Basic,0
c00ad5cb-16e2-437c-bf63-b6b76c68ed83,27,73216,2023-06-26 07:00,Enterprise,0
de845225-edd2-4098-a762-80418fefcc9c,66,86591,2023-03-03 03:00,Enterprise,0
d401f5f1-4d44-4c14-bb11-a7be476eec2f,61,38675,2023-06-01 09:00,Basic,1
23ca4b62-f264-48a3-bfc4-89e129e0bd73,18,78441,2023-04-28 18:00,Enterprise,0
b38d439c-e6bf-4132-b2e4-1f2b79b91e20,35,50379,2023-04-24 08:00,Pro,1
691e051f-6cce-44a8-a199-9ad9f9396132,44,29130,2023-06-22 06:00,Enterprise,1
c5174e07-a1f5-4b4a-99b3-d74866cc35b7,46,,,Basic,1
c9560e68-c120-4979-894b-c9d2a076046e,34,30207,2023-11-21 12:00,Unknown,1
f73cbb90-eeb7-41e7-987e-d081b27fa02e,34,46472,2023-11-17 04:00,Enterprise,1
ded4fcd2-5133-4173-908c-00f78fff32df,19,87149,2023-03-14 01:00,Pro,0
3b16ddae-55f4-4882-a3fe-2dd5579435cf,57,50385,2023-04-28 12:00,Pro,1
e3513ee2-851f-4a85-8a98-7113af495c6c,54,111452,2023-06-02 18:00,Enterprise,0
ea603ee9-fd0c-418b-8143-2675986a4947,28,64647,2023-01-10 06:00,Enterprise,0
2dd6077f-c04c-4a3b-8560-e0a3384d9dc6,33,24773,2023-03-08 09:00,Basic,1
2a9f4c87-e283-4b4a-90d0-c1d619d2f354,42,99247,2023-08-06 12:00,Basic,0
678ce71b-2719-4058-b3f9-ab9c72527485,65,40073,2023-05-20 10:00,Enterprise,1
a9f5af1c-c2b6-44e9-8b7b-ddafa66cf326,74,48527,2023-07-10 20:00,Basic,1
97e63de1-a670-454c-bbaa-caf0108e28fc,55,44458,2023-12-20 16:00,Basic,0
9bbbe17e-640e-41a6-9601-25113f3ec657,38,54633,2023-06-05 02:00,Pro,0
8c73bc28-e081-43b5-984f-c35b2b6415ff,74,114854,2023-10-14 16:00,Enterprise,0
7ce12ab4-6bfb-43e2-9792-ace4393fbf83,56,40731,2023-12-26 01:00,Basic,1
5665eec0-78af-4204-b20b-da87d44e75f6,23,41116,2023-07-19 01:00,Basic,1
23bdaca4-7f69-4c98-a540-1ed3736b7b59,55,79696,2023-08-17 18:00,Enterprise,0
ed11c089-9120-4016-a544-2c9afb1ffb5a,23,50914,2023-03-03 07:00,Enterprise,1
0859c946-fb09-47aa-bbab-0e916711c9b9,40,96949,2023-01-07 00:00,Enterprise,0
433773ee-a1f9-4435-b9fd-6397ec100130,63,38160,2023-01-02 17:00,Basic,1
c4faa7e3-8c3f-4a55-a11b-a319351a88c7,52,38577,2023-09-11 02:00,,1
6314036a-14b7-4d92-954d-91ae6208eae5,55,58092,2023-11-08 14:00,Enterprise,1
73d9c8c8-30a0-49c7-b7fa-63bdaf33c271,46,68359,2023-05-28 17:00,,0
9e0322c6-c04d-46e0-b111-999f3effc417,21,51799,2023-12-18 22:00,Pro,1
cf42acc0-b8d0-4fae-a911-2d13c6b37e49,58,55702,2023-03-23 09:00,Basic,1
866fccfa-51a8-42c1-ab18-23b05ef44df3,33,52820,2023-11-10 15:00,Enterprise,1
f6eee759-0b95-4679-85fe-4391de883f00,52,58067,2023-02-06 03:00,Basic,1
411cf520-c19e-49a7-8ae6-475dc148b5e8,27,54015,2023-01-23 00:00,Enterprise,1
11adff5e-141f-42ae-8993-e1fb905c4a73,35,76422,2023-12-12 03:00,Enterprise,0
f29e97d3-adad-4ab7-87b9-4a712dca1440,31,35883,2023-06-25 15:00,Pro,1
582faa94-3f6c-4a36-9e78-d9f42950ff70,55,,2023-05-25 09:00,Enterprise,1
367524f9-45fe-4c08-8e03-e1188bda4723,999,39244,2023-07-02 19:00,Unknown,1
a7cde969-c773-4ee6-98ab-aa58327d881f,20,80771,2023-07-02 04:00,Basic,0
24d16dcb-a343-4a6b-99f7-cf8992e4477e,46,43493,2023-04-09 11:00,Pro,1
27d30894-4b6d-4307-abb0-12bcd6285888,52,87562,2023-12-23 03:00,Enterprise,0
c2a756b9-85d8-4e59-925d-34503144c604,40,20780,2023-12-05 20:00,Pro,1
e7ea724a-61ec-41fe-a986-d03305146efc,68,79742,2023-07-24 04:00,Basic,0
23fe42eb-5765-4fcd-a689-8d0604a42274,33,29456,2023-04-09 17:00,Enterprise,1
e56b44ee-2a56-41b3-8451-1d477afb988a,25,114953,2023-09-13 04:00,Basic,0
8f2b6b38-c634-4b15-8524-8f759d025246,999,105544,2023-07-10 15:00,Basic,0
e39a76a8-802f-4b09-a715-59dae7905bd4,69,80966,,Enterprise,0
1ca6c148-8b05-4458-a77a-ceaccc13d059,31,54267,2023-04-13 08:00,Basic,1
a03c0654-080a-4a70-bceb-f596e0451394,,34070,2023-09-18 08:00,Enterprise,1
3b19cc56-ea1a-4052-b491-bc26716b9884,52,71778,2023-07-18 06:00,Basic,0
efa06fbb-12a9-4478-80dc-68663398abb1,999,42706,2023-12-15 01:00,Pro,0
3984a7e8-9fda-47f1-a4db-d34eb4499d58,30,33708,2023-08-10 06:00,Basic,1
5c4dc674-1e67-4e23-ab21-2c3b10b0e61b,29,41384,2023-10-22 16:00,Enterprise,0
483d08a8-a9e0-4f3d-8bf6-4e5e2e6027db,61,24973,2023-07-02 12:00,Enterprise,1
589b1c49-2b81-4085-9862-7ca1c8fe1dd1,28,89236,2023-10-12 00:00,Enterprise,0
f1528bd8-7104-4289-9b70-72f69c0490d2,27,40795,2023-04-05 16:00,Basic,1
fbe1ed62-adf9-43bc-856c-a5ee90dd5d5d,64,75181,2023-09-07 14:00,Enterprise,0
dcb7a14f-7edf-4a39-b127-e6174b0fee2a,29,,2023-05-21 19:00,Enterprise,1
8a7474be-28e1-43fe-80c7-ec53645fbe4e,43,105928,2023-05-27 14:00,Basic,0
afa5ea27-3c25-457e-b0c7-c61889262519,67,61890,2023-05-12 22:00,Basic,0
2fcad97e-5d39-40eb-8be6-237c3b3c71d8,70,104509,2023-04-18 21:00,Pro,0
870169e4-925e-432d-b6c1-6524eda06496,38,58907,2023-02-01 07:00,Unknown,0
cb23cbd2-df83-4669-b718-80ee2046ef0e,32,64504,2023-05-06 18:00,Basic,0
d82f33e1-5c22-4fb7-bac1-30a729293077,,,2023-12-23 22:00,Enterprise,1
7611989b-546f-48b5-83d3-efbf65b958e0,22,66756,2023-12-07 01:00,Basic,0
e7e49b8f-5709-4f9d-9473-2c7dc703a644,71,32578,2023-04-24 01:00,Basic,1
041bc835-c8ad-478b-97cb-239b40eb4385,999,40159,2023-04-06 10:00,Basic,1
a290e6ae-47be-49c3-8495-ee2c5ea2dd9f,46,51594,2023-06-25 02:00,Enterprise,1
cc76e975-bbbf-4ab0-b09b-b35422c12ffc,35,48381,2023-02-22 13:00,Unknown,0
7a10e95a-22d6-4605-93be-9ecbb3cbb36b,55,106088,2023-06-16 22:00,Enterprise,0
55456e9e-f38f-44d6-a9b8-caf7e40bbe43,74,46125,2023-09-05 03:00,Pro,1
ecbf4553-df0f-48a0-8521-4879b56a126c,57,35118,2023-04-06 22:00,Basic,1
9cfedf6a-0452-4e15-af81-2f9d53d968fb,33,84994,2023-08-18 03:00,Enterprise,0
4485359b-975f-488a-8f64-9d17fc4ca29d,,27797,2023-06-25 09:00,Basic,1
80ae7b2b-4688-478d-a747-40f9fe610eb6,41,21005,2023-06-01 18:00,Pro,1
2d1d559f-95e1-4e4c-a190-d2bdff6615a9,58,54302,2023-12-13 13:00,Pro,1
be25161e-d7aa-4266-b7e3-17df9452cddb,21,108384,,Enterprise,0
12ef592a-5081-42cf-975f-f6736eced3fa,50,51629,2023-06-14 19:00,Pro,0
d48b1426-4e44-4c38-b383-347c0dbe53a3,,,2023-01-10 19:00,Pro,0
55f0165d-183a-44cf-b04a-953bee1b4461,50,65752,2023-10-22 13:00,Basic,0
60d347d0-d2af-48a6-a0b0-34432cb5aa08,51,43361,2023-02-26 04:00,Enterprise,1
0bcb0c4c-541f-4a21-9921-27fbfbe22504,,106483,2023-09-02 03:00,Basic,0
d8c64be3-910e-4282-8025-82f7142e88bf,51,48846,2023-03-09 22:00,Basic,0
f0936d34-fbb4-4d16-8508-8ee6a9219188,62,119824,2023-02-09 07:00,Pro,0
25807adb-8a2d-44cc-8527-6ffe1ff16df2,38,76768,2023-11-09 10:00,Basic,0
18f335d6-b461-4106-b349-0890e6f105e5,54,55051,2023-08-19 14:00,Basic,1
62f60ab8-2f6d-4691-be62-4201bbcc3329,26,44820,2023-09-09 09:00,Basic,1
4186bc32-691b-407a-b3d7-bad939dce4ba,18,69683,2023-03-19 06:00,Enterprise,0
bd5a4398-e8a1-411d-9cf0-fd6beec238bb,999,58668,2023-01-10 16:00,Pro,1
efabd56f-35c4-48e3-bb37-e17c91ae750b,70,50160,2023-01-08 23:00,Pro,0
37036e00-73b5-44f7-bfd5-7ba57f498ac4,40,26538,2023-06-27 07:00,Basic,1
cad5e498-5cdd-44a0-8316-5e08651b1497,999,52349,2023-10-05 23:00,Basic,0
6a15db0b-3a05-4bdc-989e-de39a7fddc56,55,59121,2023-01-10 17:00,Basic,0
733ef335-cbe8-4dbf-9176-cb129e118cc6,74,27379,2023-11-09 12:00,Pro,1
36a04fb7-6b96-4d76-afaf-263548859e5d,48,99726,2023-08-28 15:00,Enterprise,0
aa2e3821-1b1a-4130-b64e-b408153159b3,54,21984,2023-08-08 06:00,Basic,1
324845d7-f574-49a3-a918-0828e474ba6b,74,46821,2023-08-11 04:00,Basic,1
d1fae627-3693-477b-8703-1d2bf210c468,27,42252,2023-04-20 02:00,Basic,0
871d37a7-efae-47b1-9b2d-fc66ee83fc56,27,56623,2023-05-11 18:00,Enterprise,1
87062db4-5d2f-4d68-8e00-d42764ee2f6b,55,28918,2023-02-12 20:00,Basic,1
00be3abf-0e91-4fc7-807b-3ed46afd10f2,24,107769,2023-12-08 11:00,Pro,0
d797b4c6-a906-4c85-a2a7-9a9cfbdc2820,49,45291,2023-03-24 18:00,Enterprise,1
2cda5fe7-f15c-4073-b8c2-ec9e967ba76c,47,40735,2023-09-18 16:00,Enterprise,0
27741941-110c-4227-91b6-cde499c1eb68,68,45709,2023-09-22 12:00,Enterprise,0
77c3adec-585e-40c1-a7c2-43caa4635147,24,64697,2023-04-26 00:00,Enterprise,0
5979b80a-59e7-4e66-b686-8d22718b2528,74,,2023-07-12 17:00,Enterprise,0
3ce95bd4-4298-474d-b2de-ccce314bf5e4,54,37782,2023-12-21 01:00,Enterprise,1
2f0d143f-8732-4203-9d2d-fc1f3e66a008,68,102267,2023-02-08 14:00,Pro,0
7f1e8e79-d28e-43eb-85e1-c63d2db706d4,66,25935,2023-11-22 10:00,Enterprise,1
481ada96-0ff8-414b-b686-962b20a66d76,36,63238,2023-11-14 12:00,Unknown,0
814e55c1-d6f0-4f7d-b1f3-5687056f085b,36,,2023-06-28 16:00,Basic,1
24475e6c-dd72-471c-99ca-1205fc81ba55,,114980,2023-06-02 19:00,Basic,0
fd0d093e-470f-4920-9d1d-5323d88c2289,25,65365,2023-10-18 02:00,Enterprise,0
0fdafda1-8826-4f63-a6ab-3bd4c459e1ca,,55553,2023-01-08 09:00,Enterprise,1
096c0a1e-0a9b-4dce-91bb-bb680cf62ebf,53,44647,2023-12-04 01:00,Pro,1
7ea0b5a9-8e0c-49e4-b60b-c2e004699f1d,52,48221,2023-08-09 01:00,Basic,0
96a9b992-3b06-419d-b600-722767579368,22,42905,2023-11-27 14:00,Basic,1
82cd18c8-d1fd-4e3a-9a7f-7f4403cd6ab3,28,103206,2023-11-04 14:00,Pro,0
fb5de77b-b3ae-45a2-8fea-3a6e8dfeb8f3,45,32703,2023-02-08 06:00,Basic,1
56085a8d-420d-4ce6-88cd-98f9c0e80a5a,999,28058,2023-09-09 02:00,Basic,1
d4940e6d-e42e-4264-9d78-e12a9578c7ba,999,,2023-01-21 21:00,Unknown,0
31960776-1b01-4deb-979a-7292d9a82d6a,58,68751,2023-11-23 23:00,Pro,0
f7c9facc-fcf2-48ea-a7f7-e00639c33a1a,,81399,2023-01-09 15:00,Basic,0
eb5a731b-c351-4a79-bebb-7d546f8536d7,999,93406,2023-11-14 15:00,Enterprise,0
6ffb0eb0-9bc9-4fb7-80a6-d446c715b2f5,999,24313,2023-02-28 00:00,,1
9219f842-b76f-44f7-8a12-0f11e027aaa8,59,102325,2023-03-21 09:00,Enterprise,0
f3c75314-0207-439c-b599-cb469ad27689,,62187,,Enterprise,0
b2f7937f-2382-4fc0-8a47-bb4c64db24d4,67,27842,2023-06-04 09:00,Basic,1
6e213dd3-62ea-4e15-aada-338c32331d72,67,38106,2023-01-14 12:00,Pro,1
8cca4eda-55bd-4390-b365-837b8dd504e2,999,53504,2023-05-12 22:00,Enterprise,0
6194eb68-d903-424f-805c-5138890150e3,999,36278,2023-09-18 13:00,Enterprise,1
30707993-f591-49df-a1ce-42e727eb8f74,999,57337,2023-06-17 09:00,Pro,1
918eddf7-4f2f-43b2-894e-c54522a844de,21,96119,,Pro,0
5b72c972-ec69-44e4-92bb-c34bfb08f08b,54,111249,2023-10-08 01:00,Pro,0
31f053ca-09d2-4dcc-8fe8-bbc40e451a36,22,84344,2023-11-27 15:00,Pro,0
dbdad7a9-26ea-4cc9-a2cb-3f2a01c43d34,63,33173,2023-12-17 11:00,Pro,1
54ef03ac-4d3c-4526-8c0e-cd7970dd4eb7,35,62395,2023-04-26 03:00,Pro,0
8aba0254-ceff-4721-9e63-a153a0534b2c,42,77660,2023-04-20 14:00,Unknown,0
a85e3609-ca18-4b7a-8d19-a9880c0bfd3d,38,72006,,Pro,0
dcd5cd0d-e92f-4867-99d0-d039ac40590b,19,43097,2023-03-19 01:00,Pro,1
0984c8dd-14d7-4cfc-9e66-35501fc77eac,67,97805,2023-01-06 22:00,Pro,0
9241c3cb-0435-455e-b346-fd65c9085936,38,82039,2023-10-26 18:00,Basic,0
45d18ff9-42a8-4358-ab52-ccae8822ac1d,36,41518,2023-07-09 23:00,Enterprise,1
38800450-4a04-4adf-9298-0bd67f5b9ffe,32,45611,2023-11-18 14:00,Enterprise,1
3d6dc0c3-6ba6-4b22-8b06-f3f9f7cdc449,58,117529,2023-12-10 13:00,Pro,0
91e46f19-6a41-42c3-9cec-c222b3caef8e,,49587,2023-10-17 16:00,Enterprise,1
ec15f642-fc0b-4b86-9789-d67b37e4b10f,31,83681,2023-01-27 11:00,Enterprise,0
fa25efce-ad8c-4f4d-8760-2e46eeba4eab,46,48690,2023-05-28 06:00,Enterprise,0
bd6fa490-3604-4aec-8657-ac31dde0f083,32,114814,2023-08-01 18:00,Pro,0
00871b9a-e2e0-4c2b-85a9-07f2b91a4af9,74,58294,2023-04-14 11:00,Pro,1
fac0ea15-1119-4e81-8089-31d44e30e317,66,54032,2023-01-27 17:00,Basic,1
fc07eb69-0a79-4ec7-a1f6-983fdbd6cd83,43,32871,2023-10-27 04:00,Basic,1
fa460e7e-f437-4923-ab02-72aecec41e24,18,30309,2023-02-19 15:00,Enterprise,1
0d0d3ae0-41c7-4fab-9fe4-f50b4dc8491f,21,51352,2023-12-08 20:00,Enterprise,0
a80c0195-a702-4807-9500-7340263581ee,28,,2023-06-08 02:00,Enterprise,1
cf628788-b803-42eb-8947-31089b6d9e87,36,29888,,Basic,1
86b9ee24-ca71-4517-b62e-7720d5b09f5f,25,103210,2023-12-22 00:00,Basic,0
9abbc877-1e93-471a-8610-3f3ab9252639,41,79519,2023-05-09 13:00,Pro,0
66977f4e-7e2f-40e7-82db-4125119db2b2,35,48706,2023-09-08 05:00,Enterprise,0
c09973c2-5247-4ef0-a77e-c4ee051de622,19,23281,2023-07-18 10:00,Pro,1
5ea5885e-b1af-48e7-8394-4e0450c76a67,56,86453,2023-10-11 15:00,Enterprise,0
7825a052-868d-4022-bada-4b40a693ffc9,999,49735,2023-12-27 03:00,Pro,1
1200039b-4a80-4f1f-876f-df78b4f6c7f6,35,37336,2023-11-23 07:00,Enterprise,1
dfa454e7-54a1-4ce8-a1b0-3576bb3d27ac,44,52547,2023-07-28 14:00,Pro,1
2d1f38b8-5dbb-4028-b45b-b03312ac235e,37,37996,2023-11-19 00:00,Basic,1
d410014a-570e-44d4-bfbf-0e424629ffb7,43,53900,2023-12-22 22:00,Pro,1
678c0496-653f-42ff-8187-ed11d407d7ad,18,37853,2023-06-13 16:00,Enterprise,1
b940022f-7abf-42ae-81a0-bd25be082f31,63,55585,2023-05-10 01:00,Enterprise,0
b5ff24a6-35a1-4e4c-9e76-ebc4776a8a88,50,100370,2023-07-15 13:00,Basic,0
81ec599b-4582-40cf-8e64-d94899f5a52b,30,40978,2023-03-24 15:00,Pro,0
6efa386f-e324-461b-8c84-2982956b5717,66,21119,2023-02-20 18:00,Enterprise,1
d6dba72e-06ac-4a6e-a9f6-013668de59a2,48,37367,2023-02-26 18:00,Basic,1
f1c22722-44a6-4176-81cc-e4c38d62a413,72,25980,2023-05-06 03:00,Basic,1
bfaa2ae5-46bf-41ba-9370-2adee21e8caf,65,21434,2023-07-07 18:00,Enterprise,1
8b83087d-02f8-4498-9d9c-4601c7b18514,38,33590,2023-02-20 06:00,Basic,1
ac625b2f-2c7e-4d5f-9f4c-baff4fd2cc7e,63,72526,2023-03-18 10:00,Basic,0
0446dcaa-b457-4e2e-a319-a820c3dbb49e,23,,2023-04-01 12:00,Basic,0
68013dd8-3a63-4496-90a5-49ec860ce9cf,23,,2023-08-27 22:00,Pro,1
db06f262-25cf-4c2b-98cc-626a32de8aa7,41,111290,2023-09-22 00:00,Pro,0
11459d2c-9651-4381-a476-02c1e6204708,26,30409,2023-09-18 00:00,Basic,1
25c1c5de-a815-4c03-b725-0b9a6c4394fe,44,41349,2023-05-24 06:00,Pro,1
8da8b393-cbfe-427b-beed-7ccffa45c977,999,46909,2023-07-05 12:00,Pro,1
b9b39949-8e07-471f-8db5-289d8959c3fd,55,40722,2023-12-23 17:00,Enterprise,1
07d3c4e1-65b0-4e6f-8b1b-395ca94a7b70,71,28960,2023-12-06 13:00,Pro,1
bc288c62-41e2-49de-8aeb-f6d94c8aa489,27,30094,2023-03-05 10:00,Pro,1
065d95c6-93e1-4f0f-80f6-cf8a139763f2,43,35011,2023-09-22 20:00,,1
86a7b20a-f670-4c84-a9cf-641c5e541865,68,34085,2023-05-12 05:00,Basic,1
ba261ea3-1cff-45fa-a3af-b7d125ff7c5f,65,59737,2023-05-26 04:00,Pro,1
934ef9ed-f461-45c7-a6cf-f3b5c862b69d,41,100156,2023-07-15 14:00,Unknown,0
0d3dde6b-22aa-459d-ab40-4a21ff0dafc2,28,31999,2023-05-25 11:00,Enterprise,1
0dfb19dc-61b7-440b-9948-a6539c3275f0,53,25323,2023-10-09 04:00,Enterprise,1
35fc2a16-6b4e-4bd5-9f60-c8b0364dc34d,999,47792,2023-01-25 14:00,Pro,1
3593b699-b91b-4e85-874c-12cd58c79157,19,81267,2023-12-27 18:00,Pro,0
cad05a0e-0e6e-4d2f-b0e2-4e6ee70e2eb6,51,59182,2023-09-10 11:00,Pro,1
36d31978-7837-474e-b305-d163710c1a24,24,108101,2023-05-08 14:00,Pro,0
c1e7444b-77c8-4529-911e-7e95197bbcf5,31,42192,2023-11-24 18:00,Basic,1
3be94555-353a-446d-ba66-7777e4724a94,999,24442,2023-04-22 21:00,Pro,1
80617b4f-a2a2-4405-a07a-5c811817aac3,64,51134,2023-11-26 19:00,Pro,0
b2156499-3fc3-4d73-8465-45b907a620bb,67,59289,2023-09-26 10:00,Pro,0
3ae4a325-703c-4aea-9d27-2a48d30ff027,,67873,2023-02-19 15:00,Basic,0
1969d39e-3ac8-4e86-9a7f-014441007a7c,18,112066,2023-08-23 05:00,Enterprise,0
bae70ea7-26ed-4da7-ae04-3b07bdcead55,75,51830,2023-11-20 07:00,Enterprise,1
74022b5e-911f-4486-8f69-2a06db516c08,30,27481,2023-08-13 07:00,Enterprise,1
3fb80757-d30f-47ed-a6e5-112e2f9ee881,35,45661,2023-06-09 03:00,Pro,1
b3e66e71-bec6-4812-8b8f-40cb58726fbb,39,31487,2023-04-14 05:00,Basic,1
fb5e5784-1621-4a21-aecd-3fa5b13d5e16,38,20374,2023-08-27 23:00,Basic,1
866a6d48-9e9a-4df5-ad5f-78f22cc5e5e2,32,54930,2023-04-28 13:00,Pro,1
bee4ac3b-3a9e-45e6-b9b7-401f8b11c459,41,57607,2023-06-06 07:00,Basic,1
75f328dd-fbeb-408c-8ca2-df35134f4050,73,91338,2023-05-14 09:00,Enterprise,0
fb996cb4-b88f-434a-b7eb-83cdf7d37052,18,43458,2023-07-25 10:00,Enterprise,1
4ea575fd-04f0-40ae-b20a-010c112786e3,27,66471,2023-06-21 06:00,Basic,0
6f677c5f-a63d-4b6d-b0c7-d80d129aab3d,47,23268,2023-11-15 17:00,Unknown,1
f7f3e9aa-aa16-4531-917e-3e7b9b19e41a,70,53390,2023-11-01 07:00,Basic,0
c9ca80ab-c3ce-4bd9-8ecc-03fdf33fc9b9,68,118839,2023-09-15 02:00,Pro,0
2a4ff2fa-1c47-4b35-bae9-270a4f87028b,61,28813,2023-12-13 18:00,Pro,1
747cc8bc-be73-4343-b060-0fb2ad1fd58b,52,58290,2023-10-05 20:00,Enterprise,1
85f54c5f-2f7e-4b46-8020-747aba78ca2a,62,62956,2023-02-08 15:00,Enterprise,0
2651cdf6-fc5e-408c-a7b5-ab74295ca565,31,54453,2023-12-07 03:00,Basic,1
9b2cd5c2-4a5c-4ad5-a806-e997665acd6d,39,29432,2023-10-16 21:00,Pro,1
1f4b7653-6cb2-40c7-ae9b-34d0161a7223,30,26904,2023-08-06 14:00,Basic,1
98a90990-985e-486b-bdfd-dbb374e94eac,,78969,2023-09-04 07:00,Enterprise,0
bf5399b5-395d-48b9-8252-7cae283c0c46,66,,2023-05-26 07:00,Enterprise,1
ef6fec0d-69cd-46b8-afcd-ac641b5c6961,25,91342,2023-05-02 20:00,Enterprise,0
c2afcd40-8bd7-45c7-bab7-a1eeeba3b865,37,90258,2023-07-03 13:00,Enterprise,0
bc76ff09-5af1-4a5e-a447-8af0aeb8bf4c,34,41619,2023-07-17 05:00,Enterprise,1
74b7f1ad-7b47-413f-af8c-565f25e4ed31,60,24711,2023-11-11 12:00,Basic,1
952a45ee-de58-4774-815c-e762b4563689,24,38553,2023-04-25 08:00,Unknown,1
c467dfdf-1a9b-4d86-afb2-b276c0d8fed8,20,50000,2023-10-14 12:00,Basic,1
cfb89191-1061-418a-b469-cfce805ca83c,57,26958,2023-10-07 07:00,Pro,1
b389f504-ca71-4118-acd8-c543d4ca744a,61,48404,2023-12-03 13:00,Basic,1
866f320b-9a7f-47f6-b086-b8ca54279800,49,73281,2023-02-27 13:00,Pro,0
1fb1635c-b779-4349-bc6d-301f2086e450,34,73096,2023-04-12 23:00,Enterprise,0
ba443b77-f565-4921-8e07-0e421d976654,41,47243,2023-03-25 07:00,Pro,0
a20c801f-ff6a-4799-b434-d3434a9687da,26,28552,2023-10-05 15:00,Basic,1
a931827c-7f40-498a-a507-860239baa746,20,48900,2023-10-25 00:00,Pro,1
56867661-94d1-4a41-b1fa-fdba53ae1428,32,69486,2023-12-23 19:00,Basic,0
b987552a-8ed8-459f-8975-61e939d46ccd,23,55613,2023-05-11 00:00,Enterprise,1
83afc630-3dfb-4085-9171-52ee84d7c141,26,24870,2023-07-25 09:00,Enterprise,1
9bf40806-8bdf-470c-9be9-e3bcc47f40de,53,115303,2023-07-07 04:00,Enterprise,0
b8060e20-9db5-4775-8774-a440b91b8a88,64,42479,2023-03-10 04:00,Unknown,1
4c9db5c7-e8f3-4995-8d99-b646a68a3ebb,51,35778,2023-10-12 17:00,Enterprise,1
ecb710fd-bb8a-47d8-bbd6-e52afeb765fc,53,50788,2023-05-23 21:00,Basic,1
db0f9fbe-3b9e-41a5-9821-97a1f2ae9c45,52,91110,2023-02-11 21:00,Basic,0
e268d382-351d-45b6-a33a-6bc3bb216092,66,34357,2023-07-11 13:00,Unknown,1
c3172480-7928-4f8f-9ad4-2f7663d9bb97,34,47030,2023-01-01 17:00,Basic,1
828f4a54-6533-4397-8f56-2d44ee9b1841,49,55402,2023-09-28 05:00,Enterprise,1
f7addc98-ae28-4b3c-b457-ea248949748a,56,41495,2023-08-19 11:00,Enterprise,1
2cd6ff14-3291-4044-a601-6ed60362191b,48,99979,2023-07-15 23:00,Enterprise,0
5dabcb90-0367-49f4-9921-b37e253384e5,45,83784,2023-10-21 23:00,Unknown,0
79c6f192-dfe4-457a-8f08-109838bee424,64,,2023-05-07 21:00,Pro,1
78347bd5-aa07-4efb-8bdf-af1cdb1133bc,33,26978,2023-12-13 15:00,Basic,1
05e3c11f-2cb8-433d-b2f3-54ca2e233bff,35,103926,2023-04-13 22:00,Pro,0
e58cca9d-7544-43a9-8c0b-50e82feb25f1,20,88965,2023-07-17 18:00,Pro,0
ed8916d6-84d6-4d8e-9801-2e2e7114e8e5,71,82588,2023-09-24 23:00,Enterprise,0
39b4af18-612d-45d7-8fad-d2ec4bd27a75,20,58579,2023-02-05 20:00,Enterprise,0
9a16fa26-bfae-47fb-85cb-4675cea0705b,28,84566,2023-12-12 07:00,Pro,0
48437e1c-09c9-4c74-b32c-b361c9d2a9a2,51,103572,2023-06-05 03:00,Enterprise,0
313747f4-3f4d-4282-ad9c-a2631720de9d,26,102448,2023-01-12 04:00,Basic,0
2145162f-dd09-48b8-b92a-e760e902ceb0,19,39362,2023-03-20 19:00,Basic,1
9b372cef-01a8-4aef-902c-766db416fb06,55,109124,2023-05-05 06:00,Basic,0
d275cf1e-f3fb-468c-b26f-464b95bbe996,49,92050,2023-12-14 11:00,Enterprise,0
2524d0a7-7369-458c-b7ec-592ba0967c52,64,57159,2023-07-07 05:00,Pro,1
6bbe31b9-e721-4a0b-8c40-4e22c73ec232,,31656,,Enterprise,1
25fba761-de41-486b-b0a9-8a086c9ea991,20,37145,2023-02-14 03:00,Enterprise,1
15ee5f34-f5dc-4db1-a908-dde961e48a0e,53,60218,2023-10-27 09:00,Enterprise,0
adc31c01-d25f-4e7e-a7ca-198c8a79e71f,19,22652,2023-04-04 10:00,Basic,1
09c42851-5692-40e2-8884-53e927b8713e,42,47121,2023-03-08 13:00,Enterprise,1
a688d0a0-f459-4eaf-a0b9-aa01ebdd931f,29,97795,2023-10-19 03:00,Basic,0
cf1ca3d5-d228-4523-8dd5-99e64fdac3fd,51,106681,2023-12-17 15:00,Enterprise,0
911a6eed-36f0-4f68-a687-0048edb32791,40,101453,2023-03-19 03:00,Basic,0
866a02d2-80ad-4467-ac4e-63c603cae7ec,42,87283,2023-09-19 03:00,Enterprise,0
808dbe09-7ed9-48d8-b9f5-8ce48102e20d,70,70281,2023-01-07 23:00,Enterprise,0
7c1b5436-c7f8-401a-9244-e6a5af2f2c1e,72,79985,2023-12-25 17:00,Enterprise,0
1c450719-c586-4528-a56f-4884f3eb79f0,38,51980,2023-07-02 00:00,Pro,1
67fcb006-7229-4f57-9d89-f709aeac46b4,999,47323,2023-02-21 01:00,Pro,1
0839b37b-cafb-4eee-b334-9bd9d3c9f59b,47,34044,2023-01-06 22:00,Enterprise,1
02d3afc2-59de-4ac5-bc93-4bf1fe025012,51,73316,2023-03-13 11:00,Pro,0
e0265549-33a8-4678-b613-67c4182e7d3a,74,55483,2023-08-15 00:00,Enterprise,0
75678712-24b8-4028-8b79-fe9db5fbd8f6,,,2023-09-19 03:00,Enterprise,1
25717b93-c671-432a-b0cf-92cb2f56bfb5,29,33816,2023-03-04 04:00,Enterprise,1
42af9343-01af-47cc-9b2b-a6d52c9e760e,74,104945,2023-12-05 12:00,Basic,0
6e1835d8-2f10-43d9-b454-4be88b44dba6,54,93973,2023-06-12 00:00,Basic,0
a5d0abac-28dc-4ed6-9d5e-35a35bf15f97,50,53692,2023-04-09 03:00,Basic,1
797cfa4f-68ba-4503-88dc-26a584908ffe,70,,2023-02-08 10:00,Basic,0
2136649b-cc5d-4fe1-91ea-46b429e6a7f1,46,49472,2023-10-02 06:00,Basic,1
a8b362cf-4705-4c8b-84d7-0da1d8022dfd,26,83004,2023-11-27 09:00,Basic,0
9c3535d1-baac-48f3-adfe-fd9ef6915ae4,63,,2023-03-19 20:00,Enterprise,1
9577f1f1-b4eb-4f8d-9513-f2d66bdec2a2,73,79992,2023-03-12 17:00,Basic,0
3071bb95-2478-42e9-9f6c-14fc8f328c19,39,42337,2023-01-05 16:00,Pro,0
f42ada1e-4cbb-4be5-8666-2a3eb486cc10,19,,2023-04-03 23:00,Basic,0
5bbbe89e-fde5-4a16-a742-672621f56f1d,31,51223,2023-06-20 12:00,Basic,0
221049e5-7299-46ef-8041-8d0c9f202af9,37,46295,2023-12-07 02:00,Enterprise,1
7e87a991-22ab-4839-8ede-3f01ee2a6c70,37,71325,2023-11-04 07:00,Pro,0
1805a915-0cd6-4435-94c3-0cc1543dfb96,44,67218,2023-09-06 04:00,Basic,0
bdeb6ca3-ace6-480c-a87e-217c135884ee,65,40506,2023-08-13 08:00,Pro,1
2e783639-e9f0-4b8f-9994-b02292863994,22,77693,2023-03-22 09:00,Enterprise,0
e944aa39-a1b8-4247-83f0-16a8e1e6f6e5,67,51703,2023-08-22 04:00,Enterprise,0
6e332b91-f19d-4e2c-8c83-ed86772e4cd5,44,65003,2023-06-07 11:00,Unknown,0
c4894949-a7a4-402b-9b5e-f3dbdf15c549,43,22628,2023-03-19 00:00,Pro,1
39a376b2-bac8-4ca4-b9b7-128a5f411c23,26,50235,2023-02-05 20:00,Pro,0
ffe32474-e0da-47ee-ac3f-f5468ad4906e,31,74774,2023-03-06 07:00,Basic,0
03c577ea-eeb9-4258-8d29-30ade792e9fb,31,70405,2023-10-18 10:00,Basic,0
3316865c-bbbc-4f41-9e5a-52c12c839b7e,51,75550,2023-11-21 20:00,Pro,0
4d41497a-5c5c-444c-bd7e-2af988bf186c,45,78017,2023-11-10 07:00,Basic,0
add8fb47-74f7-4515-bb3e-07ffe41d2bf3,70,67956,2023-01-02 11:00,Enterprise,0
c33768e0-7613-4d5a-8042-7e1d95bb6e82,20,109656,2023-07-07 11:00,Pro,0
aa8a8bd9-5ddd-47eb-aa01-d62f2ed3e20b,29,,2023-10-22 19:00,Enterprise,0
8fc772ac-9a02-4fd3-94f2-8a65b248ad84,47,90124,2023-11-27 01:00,,0
51f7062c-3c21-46b4-9306-8b7c4f45fba2,67,39472,2023-06-01 10:00,Enterprise,1
a616f8a9-d6ba-4870-9d14-ed9c96f5db4b,999,58149,2023-08-20 18:00,Pro,1
0fb751bc-ed2f-43c2-8b66-9cc5818a9148,45,53861,2023-06-23 18:00,Pro,1
05a3efcf-7908-4f94-b5aa-55daedd2e4dc,999,116416,2023-08-01 02:00,Basic,0
f39e3851-3451-4adf-bf71-eb963967afbb,41,56815,2023-08-20 02:00,Basic,1
5b4814ce-93cd-4927-a344-7cda293fff6d,50,54760,2023-05-12 11:00,Basic,0
a974c1eb-f823-47d8-92c2-eb3b314b24a4,58,42881,2023-06-14 16:00,Basic,1
7c8d03e8-353c-424e-b3e1-e2e58a4f7105,33,75700,2023-11-14 12:00,Basic,0
02de7d60-9f17-4279-9ae6-c693414ff446,,49803,2023-02-26 07:00,Enterprise,1
9479af7f-a842-446c-b1e9-526b90106e9e,74,41913,2023-08-07 16:00,Enterprise,0
9d8c10d6-88a4-4f7b-953e-2816bc4a95f2,59,51538,2023-11-04 15:00,Enterprise,1
8e23413c-1738-44f2-b4b3-03d58a8b8e26,19,28811,2023-02-09 12:00,Enterprise,1
76ef2636-75be-4f1d-9660-bd42cdb1aa74,29,94312,2023-09-25 09:00,Basic,0
3cdb135b-eaf3-4142-8528-41028ce13cdd,28,80149,2023-01-20 18:00,Enterprise,0
0fa439ce-1b4f-4cf4-866b-d00022b90fba,68,30959,2023-08-15 13:00,,1
3325c3ad-9bef-49be-aba6-2260d81a8b43,26,110352,2023-11-11 13:00,Enterprise,0
67ab8adb-8a97-43ee-8614-f3c661173647,41,85832,2023-05-03 11:00,Enterprise,0
bb5d7cd3-bbc6-44ae-908d-887f48986d47,29,,2023-01-23 17:00,Pro,0
2a9b4e9f-f513-4552-b6dd-c54f20d55c31,43,,2023-05-08 07:00,Pro,0
911a21c0-b0fd-4847-92ce-80b5b431c394,18,93176,2023-12-01 05:00,Basic,0
469d062b-5e3a-451b-ab9a-7407447c0b80,25,55277,2023-03-18 12:00,Enterprise,0
dcf3de95-a2de-41b4-912c-e87bef194890,45,43052,2023-03-01 10:00,Enterprise,0
dc3f9a33-935e-4593-9485-181e8dc36f5d,38,50294,2023-05-24 02:00,Unknown,1
6bd68768-1351-4a9c-b0a2-3b8f9fb8529c,40,40785,2023-08-12 02:00,Enterprise,0
8910a125-a247-40ea-87ff-bda883deedfc,999,74978,2023-12-15 00:00,Basic,0
fa096c17-5137-48f0-96eb-e3cfb5a85466,69,51402,2023-01-20 09:00,Enterprise,0
3218a8a1-f399-4d93-b4de-0de488603e98,56,,2023-01-20 18:00,Basic,0
df8ef15e-ca0b-4959-8cfa-1a83f80a0d6b,24,,2023-01-10 16:00,Basic,0
2eec913a-95b6-42bb-bf1e-af73a97064ed,70,,2023-05-10 03:00,Pro,1
59cc8515-c754-4e5b-83ad-cce17b859134,999,58753,2023-01-09 20:00,Pro,0
a4207924-c8d0-42c2-bc8f-8c9dca6442ae,47,52742,2023-09-20 11:00,Enterprise,1
38f7f815-b07f-4b88-bf31-0209f41892e2,38,40097,2023-11-13 07:00,Pro,1
068f0451-8a13-4517-971d-49e98b9f4913,61,49032,2023-05-15 03:00,Basic,1
8963ed26-d888-44de-a9ea-f1bb50e70b4d,25,59348,2023-01-12 17:00,Basic,0
1e5b2ba5-bad0-4c56-b83b-32fef014d982,26,,2023-04-27 06:00,Pro,1
bfa37b23-ba2c-4151-8476-6c0c9589b4e2,60,49061,2023-09-12 11:00,Enterprise,0
7e5fd2b8-b72d-4b83-8834-336c62b09004,48,43307,2023-08-09 09:00,Basic,1
cd3f5146-24f4-42c2-95f5-4aca9cd15b91,65,25834,2023-08-20 17:00,Pro,1
99a86d1c-8dd9-43a4-af06-518185186840,71,,2023-05-05 16:00,Enterprise,0
1ae77b04-82f2-464f-8ca4-08167da3d526,31,57159,2023-09-20 13:00,Enterprise,0
66f9f3e5-3a51-44fb-a6d1-d63faa28b74b,43,42344,2023-11-27 23:00,Basic,0
e18ec670-799f-4f81-8147-967ee5c78aea,46,60549,2023-07-25 13:00,,0
922b3da4-6d5c-4adb-85b2-1481f119dd22,52,21743,2023-10-27 09:00,Pro,1
d832a9d2-769c-46f3-a451-30d67e01b64c,18,57376,2023-02-20 14:00,Enterprise,1
697f8919-a951-472a-8ad2-151bf1b7174f,70,,2023-10-06 00:00,Enterprise,1
ce4c6347-1d42-49c3-84bf-4009367d1749,20,30531,2023-02-14 02:00,Pro,1
547fe18f-35bd-4f32-b043-5121e85f437d,42,103784,2023-01-22 21:00,Basic,0
aa9a894b-1699-49b4-8e83-078d0caa6248,53,34417,2023-12-22 05:00,Enterprise,1
b3834c96-ae09-4c7e-876c-4fe86e1cbc4a,53,32632,2023-04-24 14:00,Basic,1
f983989f-404d-4872-9070-c674267bd18a,71,63783,2023-11-15 23:00,Enterprise,0
b119f41f-ac19-4e27-990b-a3f15951c3e3,29,21989,2023-03-10 05:00,Enterprise,1
ea5c0af2-5f29-460f-a707-76665c29666b,18,,2023-04-19 00:00,Basic,0
e2f404a7-16ed-4db5-9ff4-605946cc8e7d,32,,2023-11-11 00:00,Pro,1
dbddd63c-2d63-44d8-9c63-82dcffe44b7c,66,,2023-03-07 13:00,Enterprise,1
c2f71b41-e7d2-4541-8974-40fd102afcae,57,37394,2023-02-09 10:00,Pro,1
88eecb20-e9e5-4e78-807a-0d85f83dd32c,48,93780,2023-10-09 17:00,Basic,0
3a5f95ea-eaa0-4920-a24e-367afa1e05c1,30,42285,2023-03-20 14:00,Basic,1
ea2b48d3-845a-4f8f-bd63-b66d9599c99e,,93824,2023-02-07 05:00,Pro,0
79b92618-fdfa-4c45-ae90-6e48b9bc3434,63,77555,2023-02-21 22:00,Basic,0
aa3f65f2-877e-4f57-80a8-576d181be74e,52,,2023-02-26 08:00,Pro,0
07d158be-092d-4cd1-a681-b75c47b1a1d6,30,30799,2023-11-19 04:00,Pro,1
ee8169bc-78b3-404a-b27a-1d7062fc6717,75,81081,2023-10-08 09:00,Enterprise,0
10e6e11b-e797-483b-ac20-fa76166be9eb,52,,2023-11-05 00:00,Unknown,0
212bf5df-5200-4f10-a0b3-f8dd502f4fb7,52,,2023-09-13 03:00,Enterprise,1
34c4392e-9118-468c-be03-f907f04abc9f,22,58338,2023-05-26 10:00,Enterprise,0
ae12baf1-d942-45bd-a044-0081faa9e542,38,95994,2023-09-25 07:00,Enterprise,0
cc54ba4c-cf67-4629-ab00-293e4f487c72,60,27387,2023-11-07 21:00,Enterprise,1
f3bf201f-fd4b-45d2-a60d-a00d04ac5516,40,63864,2023-08-02 16:00,Pro,0
1a404e1e-b11a-408d-919c-278863e4aa32,66,116549,2023-09-26 02:00,Basic,0
cb09f65c-4cd4-4a80-9110-78c7179da28a,51,35518,2023-02-17 15:00,,1
816a2641-6667-46cb-b30b-ed85f92b8397,70,45152,2023-10-12 01:00,Enterprise,0
e3ea014b-c67e-4318-81fd-79c731a3ea6b,25,38838,2023-08-08 13:00,Basic,1
5592d325-115c-4634-bc35-807f5b86f611,64,42877,2023-09-15 09:00,Enterprise,0
ce7156c5-66c2-43f5-a1c1-c927563ce846,74,,2023-06-06 15:00,Pro,1
7af29c49-4f5e-41d7-ac79-99e1cf836330,45,50793,2023-12-10 02:00,Enterprise,1
4110c642-7a1f-4fec-b165-894686bc5f5a,52,111194,2023-02-21 18:00,Pro,0
a9bcaf8f-dc95-43cc-bbe0-b7681095b476,37,27523,2023-10-01 14:00,Pro,1
e8415c37-bc25-4f6b-9ba6-d8e35354f271,19,83634,2023-03-21 03:00,Enterprise,0
55d80893-e065-4035-92c6-ac1b580b197a,49,107503,2023-11-08 12:00,Enterprise,0
97ec3d93-71bf-4cab-b3a0-0d9276a73842,62,105253,2023-10-15 00:00,Enterprise,0
0e3e95a4-21a4-4753-9b96-56f6bb4ae1a3,42,53205,2023-08-12 11:00,Enterprise,1
21af7231-44c5-4c5e-97b7-cefbe98e4986,31,29785,2023-03-03 20:00,Basic,1
b893614f-145e-441c-80b5-932b36ceee54,53,,2023-06-18 08:00,Pro,1
e11ab416-c219-4185-b403-609cff2a3d14,22,59515,2023-11-07 17:00,Pro,0
c789b2e9-7c60-4fb0-b7c0-8a9f8b34a16c,56,,2023-05-22 02:00,,0
c5daaae5-7407-449c-a5f2-da07779702f2,43,30264,2023-06-12 13:00,Basic,1
0ada5e68-8b65-427d-8878-86ef514f7d0e,38,48736,2023-01-06 16:00,Pro,0
cf2cae35-407d-407e-a1f9-3d1cb95e1126,25,42182,2023-09-13 06:00,Enterprise,1
7058fb0e-98b2-4e2b-9347-0af6f735953e,48,104890,2023-04-21 10:00,Enterprise,0
8e0f1cf7-f7e8-4a2f-a827-642b35642551,64,,,Pro,0
3ec4802e-6ec5-43de-b20b-e1cf1df02205,46,95834,2023-01-25 13:00,Enterprise,0
57c9d93c-ccb5-4a73-9cf5-21181553cfb2,29,50812,2023-04-17 15:00,Basic,1
dc8024e1-52c5-444c-80bb-c7f508433ce7,71,53173,2023-07-11 15:00,Pro,0
a728da11-7bdb-4449-954f-19138bb8246d,44,91187,2023-07-27 08:00,Unknown,0
f4d34fcd-736f-456b-aaf5-b2528bb1773c,67,76678,2023-02-21 21:00,Pro,0
cb8b672d-7ce9-4bc9-bf20-fae0daa5bb91,33,84569,2023-02-07 01:00,Pro,0
759cf36b-8e52-4599-b4f0-abf1a621ccdf,68,57689,2023-02-14 01:00,Enterprise,0
1a8349b3-dcd2-4f0c-bdbd-6e295b6629e0,47,46036,2023-08-27 05:00,Enterprise,1
398ba509-0485-49e4-a797-57c99823e1b1,43,56947,2023-08-22 17:00,Enterprise,1
3a27bf0a-6452-43fe-91bc-c7a4a4e3fef8,59,25303,2023-02-22 08:00,Enterprise,1
17ea990f-0008-4158-a689-11412cc48c52,62,67052,2023-06-28 05:00,Unknown,0
d409974c-e6bc-4b4a-9663-5379c05f2f5c,64,100506,2023-05-15 05:00,Basic,0
a266b438-4504-4555-b0f6-35f2c8ff72bb,18,54850,2023-05-02 21:00,Pro,1
c6ae3f9e-d1d0-4ce6-a565-3b3577b67066,23,34537,2023-01-24 23:00,Basic,1
62d7cbe8-69a2-4562-bb0f-a75fea8c150e,999,43125,2023-11-03 10:00,Pro,1
0efa8b6c-6109-4c19-ae2e-e74c3db7eec9,56,48413,2023-05-04 13:00,Enterprise,1
cbacfb88-125f-4110-8df0-e5043c77e12e,23,26138,2023-06-18 22:00,Basic,1
a7e4a40f-2cc6-4702-b668-977551f83877,71,80679,2023-07-20 16:00,Basic,0
ee08fb16-baae-49b5-8720-c7cec608c8c5,19,57921,2023-03-17 09:00,Pro,0
380df7fa-d8b4-45d7-a4c6-8739829bb2eb,32,66689,2023-07-14 11:00,Enterprise,0
3318d733-f1a4-4a96-82f6-cb5f0db571ec,68,93207,2023-02-24 16:00,Unknown,0
41ec93ec-e3b3-459b-8b20-977bda65dcea,46,99322,2023-07-05 21:00,Pro,0
1883aecc-9031-44b2-a8ca-a0a759b38fcc,67,,2023-05-21 07:00,Pro,0
36b34631-6cb5-4955-833b-5b8d6f7b2aad,31,,2023-07-15 01:00,Pro,1
60dbdd2f-aea8-43f7-bce9-73a1fdaf16f6,70,94778,2023-03-17 03:00,Unknown,0
7cb4fdbe-3a1e-40be-b617-f5ea028e5173,55,98416,2023-06-20 02:00,Enterprise,0
96337b2c-f21e-48b2-87a1-a29ffb775668,45,,2023-11-04 09:00,Enterprise,0
9dd52ce3-9698-424c-933d-5dcc81ea65c6,39,32842,2023-07-02 11:00,Enterprise,1
43d20a00-e984-4802-ac2c-a4d7bd82a555,36,117838,2023-05-01 04:00,Pro,0
310d335f-e5a8-44c3-8be6-3f919cbcff89,41,34350,2023-05-08 10:00,Basic,1
0b940b01-396d-4e7f-b391-af62a23fb23f,61,95929,2023-01-02 05:00,Basic,0
98b3ed02-d252-4883-8176-860b7d36f757,33,20294,2023-01-08 09:00,Pro,1
448241f2-91e8-470f-b97c-6153aaca714e,68,115937,2023-02-27 22:00,Basic,0
9e49acbe-b88f-4154-bd8d-a4b8fdf20984,47,33610,2023-12-01 20:00,Basic,1
39486c9d-00c3-4989-918f-dd8ffe22dc2e,26,,2023-07-20 14:00,Pro,1
57de4ff4-9789-4125-87c8-2fea40c4bd51,,46467,2023-12-23 08:00,Pro,0
00f15966-00e3-46b6-9523-4702716eac1e,75,43046,2023-12-24 20:00,Pro,1
a2f2f958-0fa2-40ca-bc79-e34645496cc7,60,51100,2023-03-27 04:00,Enterprise,1
df5e8f2c-e926-4f21-8739-977bc210343e,68,44012,2023-09-23 09:00,Basic,0
eaa88484-a51f-4ab4-8f68-a2c3f6f8e91a,48,47675,2023-08-23 15:00,Enterprise,1
08d5f043-c577-4fde-816b-40d126699959,64,105665,2023-02-11 15:00,Pro,0
404f5d67-67ae-43d1-a5d0-3fd71e83c8b8,999,,2023-04-10 14:00,Pro,0
1b1f10e0-b4d0-43f5-9e3e-48859e12a1a9,29,52658,2023-03-24 09:00,Enterprise,1
e48281b5-3ab8-438c-8963-f9dbcc200dfd,29,56158,2023-08-15 07:00,Enterprise,0
3e03df71-505c-449c-819f-60b40e98519e,,20724,2023-12-12 23:00,Enterprise,1
53700d95-d086-4077-ad1d-e4c69399ca3f,26,32815,2023-09-17 07:00,Pro,1
f44605b4-145c-4eb4-9357-7f435a97fa00,41,46710,2023-03-13 22:00,Basic,1
e0cb526a-ca1c-4f04-bb08-0263c7cd95b7,70,25283,2023-12-08 17:00,Enterprise,1
fad949bc-f7a0-4260-9eab-b1093e8d302d,70,91510,2023-05-13 17:00,Enterprise,0
c78aa6bc-4323-45de-8f2d-49e92611d352,31,86191,2023-08-21 21:00,Basic,0
35580fec-58f8-41de-acb6-5df19f169628,55,102988,2023-05-25 08:00,Enterprise,0
8f0b0b0a-a773-461b-b925-cef7efb1adc7,23,43035,2023-03-05 06:00,Pro,0
95b37f02-e992-42ad-aab8-81f9b718fda3,61,61715,2023-04-07 03:00,Enterprise,0
908c5de6-d9b8-40a3-af32-45c469921c36,45,,2023-08-12 15:00,Basic,1
2d882421-9a72-4f6f-b7c8-15ebad456c10,,115017,2023-11-16 17:00,Pro,0
a27bd389-3a0d-4cf8-8af7-c43585716d82,20,80964,2023-12-15 00:00,Unknown,0
b86cb48d-dca7-47a9-ab39-884e73cd4831,49,96538,2023-08-04 11:00,Enterprise,0
c5857ea1-9c0a-4bd6-979e-1914d422a659,24,53560,2023-02-02 12:00,Pro,0
dc229cda-1025-448e-9540-8a5730e0c9a5,999,22660,2023-06-23 08:00,Pro,1
4f761122-3fbb-417c-88ab-8c0ad52c59ae,70,98401,2023-11-06 14:00,Enterprise,0
8c63115d-9732-4976-820d-1171cedf2938,999,56340,2023-03-08 19:00,Pro,0
a943c30e-64d0-4420-8ffa-73df60495594,72,52032,2023-02-22 01:00,Basic,0
73189917-2d09-4bf1-a559-02a3ca0e0d48,37,,2023-08-12 06:00,Enterprise,1
f8261873-8b3e-4958-8cba-5d800e14ce2f,36,20075,2023-03-24 03:00,Enterprise,1
99768421-7c81-4824-a989-4fedfb70d733,72,68602,2023-09-24 02:00,Basic,0
27c2584d-f28e-4999-88a0-616b3d5ec985,46,83055,2023-06-06 01:00,Enterprise,0
e04c0f49-54fa-4417-aad1-434f6ab3ee36,70,57633,2023-08-27 15:00,Enterprise,1
2dc56dfe-229b-4096-bb1b-44b691dc87a3,67,29544,2023-10-14 11:00,Basic,1
26108c73-f175-466b-ab13-b4cc58db9a46,41,95645,2023-08-15 19:00,Enterprise,0
0709f93e-fc6e-4747-9662-e97a4edeb1ac,42,26917,2023-04-25 11:00,Pro,1
8b777b62-c907-4613-912f-de84ae7bc58d,69,37212,2023-05-02 04:00,Enterprise,1
d94b9350-2532-459e-aba1-19f4d854417e,75,,2023-02-24 06:00,Unknown,0
682302a9-109b-47c1-b1ac-70b15a51d799,69,34133,2023-04-12 19:00,Basic,1
ea104873-892c-4191-b774-6eb6ba1b2152,38,39517,2023-11-06 17:00,Enterprise,1
86db285a-2cb6-4a15-996f-f09b96c22801,71,86656,2023-09-04 20:00,Enterprise,0
2a281f54-7ddd-4b0d-bfbd-7e6457b9a1f7,,90109,2023-08-11 01:00,Enterprise,0
b8638150-d5fa-4bc0-9e61-af735c2d84b5,71,115674,2023-02-24 10:00,Enterprise,0
cbb35e9b-4e17-419d-91bd-4f0335d3b764,19,41223,2023-10-14 16:00,Basic,1
452ee79c-2a6a-4f90-95a2-f4149afa9793,60,30451,2023-07-23 16:00,Unknown,1
de18c726-4415-4d06-a579-cb27feba0049,60,93979,2023-03-26 20:00,Unknown,0
aa712029-a21b-49e2-8a36-baeb2a2227ca,38,119890,2023-09-21 05:00,Basic,0
63aeecc8-a0c9-482c-966f-a4caa206c554,30,46107,2023-05-14 07:00,Pro,0
0d83834d-2b7d-43eb-9eb9-18be704d42ea,26,92805,2023-06-12 00:00,Basic,0
3ec55bd3-4220-4b61-8d85-fbe7c52f0ebe,57,50263,2023-10-28 05:00,Basic,0
f620d795-c19e-4e57-b2fe-38c843a7926c,52,43497,2023-05-09 16:00,Enterprise,1
7c88cf1f-f91f-4909-bfc3-2e612df1cf37,33,41283,2023-12-10 09:00,Enterprise,0
f449e94f-0446-4f34-b227-ec5b63d5ff99,60,47258,2023-10-03 03:00,Enterprise,1
2c9f8eeb-3c9e-4f5d-b023-128f20e418b7,69,64736,2023-07-17 07:00,Basic,0
dd8073ab-01fa-4f09-88b8-2c0f4f519de4,66,43693,2023-09-06 01:00,Basic,0
3533794c-d325-4c1c-b71a-402b31f1ec4d,68,92848,2023-07-10 21:00,Enterprise,0
def881de-dc85-4f35-b3d7-f927c97f973e,20,57529,2023-09-15 01:00,Pro,1
a039d76b-cde4-4dc9-8ebf-a361408bfe91,60,23643,2023-06-26 22:00,Unknown,1
ec48a3dc-dcdb-4fb6-9553-952c9ec39382,62,40986,2023-07-07 02:00,Pro,0
ec64f142-f30b-46be-978a-552593920bb1,28,58606,2023-05-08 23:00,Basic,0
515a6ef4-1f8a-4658-9c72-f3384cae22b7,58,28643,2023-04-06 10:00,Enterprise,1
9956ad6f-cec1-4ac9-823b-8fbca9b6a9bc,999,24429,2023-02-19 15:00,Enterprise,1
533200d9-6e1a-446d-ba2b-1e77f17571d9,52,22415,2023-01-12 01:00,Pro,1
5bc96ef7-24bc-409a-ab63-d1c3609db559,28,100080,2023-07-18 11:00,,0
390f6f51-ad3e-4c88-a507-a575b57efab0,48,92663,2023-02-11 23:00,Basic,0
105a71ba-8c59-4beb-9825-92820f4a3cc3,999,69429,2023-05-07 13:00,Pro,0
683cc599-982e-4eda-9df4-41f2a4d37db3,18,25373,2023-05-07 08:00,Pro,1
74d992e8-533d-4546-9ead-f9e3c9b47323,64,77537,2023-11-12 04:00,Basic,0
2ce8e9e1-c8e2-4088-9ff0-ed6320a45502,61,77190,2023-04-04 19:00,Basic,0
6cd16cce-9c9a-4a71-957e-0bb69d69bff7,999,38684,2023-02-20 14:00,Pro,1
528f343e-559b-4d39-a648-d0812ea4a6f7,25,96387,2023-12-11 21:00,Basic,0
49fb8603-ec39-4046-898d-0f9fe312621c,62,38757,2023-08-17 05:00,Enterprise,1
edb8e010-c072-4386-ba64-2f685d3551e1,31,91435,2023-09-27 02:00,Basic,0
ff4b1534-2fa5-4b81-bc7a-0193f8d8ebf3,42,40558,2023-08-24 04:00,Enterprise,0
14e9f4c0-6a8b-40a8-b698-8a67215dd57d,41,80841,2023-06-04 20:00,Enterprise,0
e509ac04-b16c-4245-9afe-5047d223e045,72,38344,2023-01-09 17:00,Enterprise,1
6c82d309-49e9-40e6-8007-1fcaacfe8e4e,55,45837,2023-10-06 10:00,Basic,1
e2f51648-23cc-49bf-8ad6-d25b3512445f,47,29100,2023-12-21 02:00,Unknown,1
11229984-3cb0-466c-a7a9-b6e95a126eac,65,36712,2023-12-06 02:00,Unknown,1
dbb30276-f185-43a1-b64a-4ebcfc539382,20,44843,2023-06-12 19:00,Basic,0
3faabd17-f60d-4344-a903-4c61d70a324e,43,47889,2023-07-04 21:00,Enterprise,1
04756d09-db57-4c28-bb38-849d958903d1,39,,2023-07-18 00:00,Basic,1
712471a0-acf0-44b5-8bb8-e2ddeb0f701d,46,59456,2023-08-23 16:00,Basic,1
38d5e130-9844-489a-96db-4fc82f698e58,52,30519,,Enterprise,1
4c965cc0-7f1a-4cea-baf1-123013e36463,53,55020,2023-05-03 07:00,Unknown,0
c90d2828-ca29-45cd-bb10-5294dc17ab12,47,61862,2023-12-16 23:00,Pro,0
184f84c7-4ba9-4c96-aaf3-402efe65a236,63,38459,2023-05-22 03:00,Enterprise,1
e594ea3e-18cc-4742-8ee4-953325e93e93,24,27997,2023-10-19 23:00,Basic,1
f31d0209-17a1-4dc0-811f-6cebd3544cc6,999,86059,2023-01-25 15:00,Basic,0
c5c11095-5f46-43e1-9ad1-bc7318d20d67,73,47848,2023-02-27 04:00,Enterprise,1
1b64d1dd-4088-4ed1-8be3-1fa3078679e2,37,44488,2023-06-06 10:00,Pro,1
683f009f-addb-452a-8739-79c2ed051db4,74,,2023-04-07 16:00,Basic,1
27eafe65-3e7e-4a61-8661-b8b2bf6b0eea,70,106513,2023-06-07 02:00,Enterprise,0
b0f8e6ee-f25a-4bfe-967a-4eec8d2a6ee3,49,37576,2023-05-25 14:00,Basic,1
e97b18f5-acc8-4cc0-8f2b-098e91f80306,51,49079,2023-04-15 12:00,Enterprise,1
da214519-b3a0-46f2-a608-0cb9d604d231,54,38974,2023-11-21 13:00,Pro,1
41ecee99-35a0-461d-9518-a0cd657ed046,71,72541,2023-11-06 15:00,Basic,0
09cd8de8-58a3-419e-9cbf-9bec97566d67,75,41566,2023-02-19 03:00,Enterprise,0
77b89ea8-8e6f-40ae-b68f-21d3968cf0d6,57,34606,2023-06-11 01:00,Pro,1
3c0f2607-0e1d-49a0-8b04-b1a5e9670720,43,58948,2023-12-17 19:00,Enterprise,0
2d3aa048-28c5-48bf-96c8-2e01d3bf4781,59,83039,2023-06-20 02:00,Enterprise,0
de9d87a1-f62c-4545-8142-c9178f30e01e,49,47315,2023-08-25 05:00,Enterprise,1
e694eb6f-7b4f-4c87-b3b2-358a125b11da,27,69614,2023-09-12 05:00,Basic,0
e2c5fac3-1814-4dac-8627-e9514b601a0d,999,74668,2023-08-17 04:00,Basic,0
340409ed-d662-437b-99b8-4328c3f7f0bc,69,37671,2023-09-13 00:00,Enterprise,1
421d1495-9f8f-4398-8bde-6903b1f7c934,30,38080,2023-12-27 05:00,Basic,1
2f51e499-6896-4f16-99c5-3ffeea791116,37,25621,2023-04-21 22:00,Unknown,1
537d0652-b08e-4b86-8f51-4121c9bd6f29,35,66247,2023-01-20 23:00,Enterprise,0
0083320d-f81f-4cc1-bfaf-d5f1d354bde0,999,103963,2023-04-27 02:00,Pro,0
fd91c446-9fb2-483a-94bc-645a5f55f651,26,80281,2023-12-23 18:00,Enterprise,0
bc0a5dbd-92ff-4ea9-9d5f-c09a5ec5e02e,33,52833,2023-02-01 09:00,Basic,1
83e0ca1c-1c70-403d-b72e-e9f45fab3967,69,47230,2023-12-22 05:00,Pro,0
e89edf22-20df-4ce7-aaf6-4567b7e91075,74,54710,2023-05-02 05:00,Enterprise,0
80277a92-49f7-44b2-8be7-0f552257b03e,51,52903,2023-04-18 20:00,Enterprise,1
0da9a91a-5dbd-4545-b228-7c31ee02ac8e,68,59373,2023-02-25 18:00,Enterprise,0
f22dc7de-590e-4ea7-91b9-b827b28cbcad,64,48423,2023-06-05 02:00,Enterprise,0
afab39e3-c2a1-46b6-a7df-ccb2a9feecb4,24,49219,2023-12-28 09:00,Enterprise,1
3669acdc-c655-4b4d-8676-aebbaa3f78cd,39,43198,2023-11-18 05:00,Enterprise,1
f4d31664-3533-4baa-95f8-e0b52d314907,999,67513,2023-12-06 23:00,Enterprise,0
22a96b80-c5ba-40c7-a2ac-4442e630951d,65,90818,2023-09-12 14:00,Enterprise,0
05d78449-4cd4-4ed8-a71f-282007d8aa2a,67,32519,2023-07-27 04:00,Enterprise,1
189d2d6a-e375-4aab-85a7-98bea4c5dfc9,,35701,2023-12-01 19:00,Enterprise,1
53172d68-8347-49be-a1a0-c1a80807a110,30,81819,2023-12-01 09:00,Pro,0
fa1549e4-f664-4d3c-87c3-3683fb44b9e3,70,34611,2023-04-24 12:00,Pro,1
ccd0e1d0-05e9-4a2d-ac80-c364a57173b7,43,52453,2023-05-28 04:00,Basic,1
147b0348-dcbc-47cc-b340-b44bedef152e,67,46750,2023-10-22 07:00,Pro,1
b36de852-70ce-4b34-8648-d9b4adda6c03,60,57756,2023-12-02 16:00,Unknown,0
adde1aba-0455-493e-9bef-47afed2270db,24,31448,2023-01-09 04:00,Basic,1
9e21347c-ab9d-4634-8c85-a6dcd01f4ca3,59,106084,2023-01-03 19:00,Pro,0
595f1ed3-7b1f-42fa-9e16-74864a325422,54,86005,2023-11-07 01:00,Enterprise,0
4ac5fec8-52ec-4f62-948a-ff987563d3a6,43,28936,2023-07-05 06:00,Basic,1
7f7e2a5d-084a-401f-ab0b-16521c80ae05,66,35811,2023-07-18 15:00,Basic,1
849fc9be-bb71-433c-9d3b-7d88a2c1436a,23,58805,2023-03-04 17:00,Basic,0
fb4ddc7d-02d9-40c2-bb2d-dfca1b917f75,37,21638,2023-06-19 14:00,Basic,1
04bc7bb2-0718-4f22-a68d-4987f1db74eb,30,101151,2023-10-13 07:00,Basic,0
cc17f9ab-97f9-4046-abeb-3ac1ab1b32b9,69,59689,,Basic,0
198c22da-7b4f-4cca-beff-3aac2f842540,41,24550,2023-05-24 03:00,Unknown,1
72e9edaf-258c-4493-b59b-a70ac39b7d28,75,32632,2023-07-01 22:00,Enterprise,1
3b333837-32ad-4f2a-a50a-3d660417bbc5,27,23781,2023-03-17 13:00,Basic,1
bba6f66e-b84a-4074-bc95-1624a393490f,44,39138,2023-12-16 04:00,Basic,1
0728ae74-e6be-45d5-af89-9a5d2edf1d5d,63,69245,2023-03-19 10:00,Basic,0
708fd5c5-3ecd-4ae7-bc0c-1d870d04deb3,45,55997,2023-12-07 16:00,Basic,0
7966f868-a316-4765-a944-b8d3033fbe60,23,56298,2023-06-21 11:00,Pro,1
ff401427-599b-4251-a49a-d4b49c29262e,41,78141,2023-04-04 08:00,Basic,0
04a560aa-4c52-414b-b122-f1246c85b990,53,61197,,Pro,0
2c40753f-4cbf-45b4-89e5-552c3f9ae3f6,41,64305,2023-01-25 21:00,Enterprise,0
2601e38b-6f30-45d1-a127-4b1f78a7d729,31,64625,2023-05-14 06:00,Pro,0
62e3ae89-0612-40df-a89b-e9445bcfb429,,43546,2023-12-23 02:00,Basic,1
a2ab99cc-6dd3-45d3-adbf-a0de6929f399,999,21479,2023-03-18 11:00,Pro,1
bad7548b-9dc6-47e1-9e2b-0378d22dec4b,34,29553,2023-11-07 23:00,Enterprise,1
3450dd92-6198-4967-ad5a-a9b56b860dc0,39,46151,2023-12-16 18:00,Pro,1
b5a1e772-e160-4361-b66b-ba78f7f0c241,26,103418,2023-10-20 14:00,Pro,0
29c99e98-5124-4cb5-a8fa-ba4040682d0c,45,21114,2023-09-07 15:00,Basic,1
2f4f2522-c029-4035-ace0-9a1aeed47ac3,43,118981,2023-04-27 06:00,Pro,0
9b28821e-4071-4e7b-af36-a1cc3569fd02,29,112561,2023-06-24 13:00,Basic,0
1ff71845-c88e-4f5a-99f3-082ab7f979a6,75,61128,2023-09-12 13:00,Pro,0
bc820d67-6955-4e3a-9a11-27ab11871fff,47,55714,2023-01-16 13:00,Pro,0
c4a4e27d-de0a-4264-a8e0-572f4c652f9b,59,57663,2023-04-03 20:00,Enterprise,1
5f703d5a-3327-48c8-be1d-ad05be35fb74,70,57489,2023-12-07 18:00,Pro,0
94941a96-97bd-47af-bfa8-01f2656dad6c,31,55059,2023-01-21 15:00,Basic,0
a45a8b6d-d28f-4f91-96db-64ed9636e7ff,58,,2023-02-20 17:00,Pro,1
7e8d374b-7dd0-4433-8e15-498443de7e7e,,,2023-11-26 14:00,Pro,0
2af994bc-be21-42a7-92e4-045d7bfd9821,25,35143,2023-12-06 05:00,Enterprise,1
4aea32db-11c9-4b3c-9fcf-4f2e384b57f2,69,89967,2023-03-25 12:00,Enterprise,0
951cf5a5-988a-4f2e-b43f-4a176e428c40,66,55607,2023-08-03 13:00,Basic,1
88165726-2cd5-40f5-a393-ad6053d64645,46,,2023-09-14 02:00,Basic,1
7378c6a1-a7c5-4b4d-87b8-c917f51e30da,61,32508,2023-09-28 09:00,,1
bd199009-7bd8-48da-b658-a66958f06c00,44,38410,2023-09-06 03:00,Enterprise,1
fe67b4ee-140a-40a3-ad80-dd84bf4bf640,39,49992,2023-01-18 18:00,Pro,1
3ddfdd45-0798-45d3-b84d-8d6cfe1f1a94,19,,2023-09-18 12:00,Basic,0
6bd3140c-7598-41f4-9542-0eaa74abb844,28,57107,2023-09-27 00:00,Enterprise,0
9154542a-90c6-4cad-b840-dfbdb94b0687,,82981,2023-07-26 19:00,Pro,0
003e5e7c-ff22-4095-85b2-4cb9b57085f2,68,23753,2023-08-14 13:00,Enterprise,1
873073fe-3162-4979-ada7-d832c6848eba,75,45795,2023-04-16 10:00,Enterprise,1
8d9d5562-360c-4089-895d-07f716461fb9,28,,2023-03-24 06:00,Pro,1
0a777ed9-84d7-4782-9ed9-e3eceedff330,36,31760,2023-03-09 03:00,Enterprise,1
4302cd73-afdd-4409-8342-d0db89f610f2,50,,2023-03-01 20:00,Basic,1
70208cb5-5afa-4a07-b33c-f6b5564905bf,41,101748,2023-11-25 02:00,Enterprise,0
fbe8d92b-4f0f-4068-adfa-6070b3833a73,73,25513,2023-11-10 13:00,Enterprise,1
797079a5-4d48-4863-a4e0-74fa1b8e8960,45,28880,2023-11-09 23:00,Enterprise,1
8de28be1-741f-4756-97c0-1d4e224ccd67,24,21325,2023-10-03 16:00,Enterprise,1
dc9e1ea2-65f2-4796-b006-ef096a456085,,89992,2023-12-23 03:00,Pro,0
fed19d40-619d-417a-8533-fc53b4ac4a49,41,,2023-02-22 11:00,Basic,0
cf19fa4a-51e8-42e8-a4f0-673791b1741a,67,33040,2023-06-13 18:00,Pro,1
4c0ab864-ed47-4c55-b008-a510866a8721,61,77176,2023-08-08 20:00,Pro,0
a812f19d-7593-4d97-9f8e-478204bf6494,999,20142,2023-04-11 14:00,,1
28b9c41f-f7f9-4f17-be4c-692192876d15,29,49463,2023-10-06 22:00,Pro,1
e9e9a183-25de-41eb-acce-182f48dbe3f3,43,73782,2023-03-17 08:00,Pro,0
daebcc06-a880-48ec-b9aa-ff4f1a3f3337,70,37965,2023-01-25 13:00,Basic,1
6f8abcff-36fb-4598-9533-d7d883912593,65,43426,2023-01-10 06:00,Basic,0
591e55ce-9023-4567-a46e-248a9c503e35,40,119239,2023-11-02 13:00,Pro,0
0560e99a-1777-40cc-b6aa-eb2dff648212,46,59586,2023-08-03 16:00,Pro,1
2d40064c-c207-455e-bc35-731100de17fe,18,52814,2023-04-24 03:00,Basic,1
b9f5a282-bb37-468c-867c-1f4e74073382,71,40743,2023-05-14 14:00,Basic,1
c6df5514-a8ee-4c03-b3df-5d10e148cf79,69,95866,2023-12-23 00:00,Enterprise,0
c48c7721-8aea-417d-9ace-484dccfa0c63,43,,2023-04-07 03:00,Pro,1
8cc5cd9b-5138-4044-b8e7-bda1837d9dda,68,118950,2023-06-04 13:00,Pro,0
bb3f85e5-0615-4590-8259-e8d8ab8dd78a,41,32415,2023-07-18 11:00,Basic,1
3ec4360e-4e3f-4ef7-89cc-5c4c1f045c80,25,67648,2023-08-25 19:00,Basic,0
ee13c5d4-23cf-46d1-8bb3-cdf4abe0a01e,67,55105,2023-04-05 13:00,Pro,1
db18c67e-0714-4a66-ab88-a073377c4429,24,54413,2023-08-26 11:00,Pro,1
f3fa3db2-1a8e-4ee6-bf01-fcd57ad6c428,45,42977,2023-09-05 07:00,Enterprise,1
2ebe34d6-d0a5-4a8e-969f-6236d4706697,50,76797,2023-11-03 11:00,Pro,0
8ee93a59-efa0-4a6e-9697-d44a8a028953,23,49019,2023-12-15 06:00,Pro,1
ec113c2e-0bda-4151-a10e-c699308e58ad,69,37792,2023-12-20 13:00,Basic,1
edfe1189-d875-457b-96da-028480087f5f,35,55065,,Unknown,1
340342b2-00a7-44ab-a8e0-da87a883ec24,24,84225,2023-08-06 22:00,Pro,0
ca9c107d-ee42-47f6-9c78-4cd6369da2a6,50,,2023-08-10 13:00,Pro,1
295776cc-fb46-4160-ac00-e8b857ceed6f,51,53757,2023-08-28 08:00,Enterprise,1
87e324f0-58fd-4b7e-8b9e-f802ba42f3cd,51,,2023-05-04 15:00,,0
6ac02617-6da5-40dc-bb59-d523af177db0,47,,2023-12-22 20:00,Enterprise,0
cbdfb354-3cbb-4bef-b43b-660e80a864ac,,91608,2023-07-26 10:00,Unknown,0
44c1aeb9-a189-471b-9d21-eeecf4e9322a,999,,2023-07-03 18:00,Basic,0
71d27ee6-4c02-4f55-a7c4-6c591ccfc06c,60,60757,2023-02-28 03:00,Pro,0
d458d455-fc92-4aa0-b9f1-9bc23ad54cc5,57,24719,2023-07-16 12:00,Basic,1
a9745130-ea67-4510-822b-8794ddea3ab4,65,82936,2023-06-15 11:00,Basic,0
a2ecb8db-52ac-473f-9d9c-6497eeeb2792,64,95636,2023-04-05 23:00,Unknown,0
716f64b0-8f79-4f72-9d62-908c4b99da89,71,,2023-08-03 20:00,Basic,0
9fee7747-5cd5-4e3e-83e3-6da7e8013a92,63,30586,2023-06-10 03:00,Basic,1
126bdaa5-b399-4e6a-a211-2ee889d0554d,47,55492,2023-11-12 13:00,Pro,0
a6923817-8620-4304-b40c-2af0bc34fe3b,22,61100,2023-09-25 00:00,Basic,0
5852968f-d9fc-406d-9922-4904ad4cd960,60,93218,,Pro,0
5d386e9d-1953-4900-92d3-e2b5c760bf6b,53,29861,2023-05-10 18:00,,1
1e460be3-99cb-4d5a-aa86-f39541303c05,59,74834,2023-08-07 14:00,Enterprise,0
b50e0b5a-2952-43d5-aa9f-471498b39908,60,52863,2023-12-20 00:00,Basic,0
ef72bbbf-37d1-400e-9ee5-0b475ed49400,54,83769,2023-02-10 16:00,Enterprise,0
c8240991-9f85-4474-b18a-f6ed1005d676,21,45659,2023-04-16 18:00,Basic,1
bd531903-5637-4bcf-bbb5-cce988c50722,59,79338,2023-03-27 04:00,Enterprise,0
ee29d682-6c2c-4cc1-85f6-c755cf289cab,61,50942,2023-01-25 11:00,Basic,1
8cc3cabe-9fcc-4739-869a-9e268c9e3080,40,40147,2023-09-22 08:00,Basic,1
02ae883c-90d6-4f9d-bd4c-bb6f8c38da86,999,24952,2023-08-16 14:00,Pro,1
042162ce-7bb7-459f-9298-b5d2ec7665d4,56,44164,2023-04-16 18:00,Enterprise,1
00c7da85-1047-4e3e-bf69-537459564c04,44,81452,2023-04-04 01:00,Enterprise,0
17e3425b-ba5b-48c4-b5e0-ea5b77919e55,30,90639,2023-10-13 00:00,Pro,0
f00c8cef-70fa-4f04-a476-5b8e1c58b38d,68,112830,,Basic,0
e57d3ed3-53c2-4e67-95f0-2933b5f9b8f3,62,39637,2023-11-05 00:00,Basic,1
e33aec6b-0598-44ca-b136-922a623925ac,21,42603,2023-02-10 04:00,Enterprise,0
bf0dfb5f-3c2d-423c-a7ed-892f97c87c03,26,38474,2023-08-11 09:00,Basic,1
805f0b35-2064-4f56-b134-3a4450e3749f,57,,2023-02-05 10:00,Pro,1
093dbed3-c625-4521-bc7d-0cf726320bfb,44,29325,2023-01-04 07:00,Enterprise,1
abc8ddde-3f66-4aa2-a4f9-f604d0491572,58,69727,2023-01-02 19:00,Pro,0
632b0ad2-4e6e-4e8e-85b8-d1732a0d734a,66,29083,,Basic,1
a1a6681c-a552-471c-81bd-f4749b10bb6d,56,59193,2023-01-24 13:00,Basic,0
956774fa-7544-40b0-9fb1-4be21b165c97,42,43497,2023-05-11 20:00,Pro,1
ad566163-b473-40cd-8746-8972b7ffb220,24,48374,2023-08-14 13:00,Pro,1
7547e28a-c969-4762-a5de-ba836e0c122f,22,27210,2023-02-14 17:00,Pro,1
27c55ec3-887d-4c26-8f81-4a0788a50da2,65,25403,2023-04-23 01:00,Pro,1
86cdb7ae-0b2d-44a8-8f7d-134f4fbc4ce6,,34341,2023-08-01 00:00,Pro,1
be8bff77-bbe0-4d3f-9a04-4c8250071438,39,30885,2023-02-01 02:00,Basic,1
790c7033-8b69-40a3-80c5-1dd579b46d00,26,48303,2023-12-26 09:00,Enterprise,0
db61852b-fccc-4bcf-8e1a-3c7941419ce2,58,72410,2023-03-27 18:00,Pro,0
dc0071c1-abe6-4f7a-bbae-d6105a8836f1,32,,2023-04-25 09:00,Enterprise,1
deeba89b-55e5-4377-94d4-1016016d0b35,,100217,2023-11-24 07:00,Basic,0
52d3f885-4b7d-49d0-89ee-fc0b30015b03,22,,2023-03-25 13:00,Pro,0
0d3a9795-c5f3-4549-b1f6-8f60cb625241,68,45142,2023-12-15 03:00,Enterprise,1
a4e9dcb1-0a0d-48e6-bf53-68e0d5d26407,25,90539,,Basic,0
5e44a719-5ed1-4576-858f-29cece17f7f9,20,84554,2023-07-05 16:00,Pro,0
c6c84a1d-4b69-4a39-a5ae-11653b34024f,50,42805,2023-03-04 13:00,Unknown,0
70351811-095a-4a6f-a490-a422d45a231a,53,77643,2023-08-04 01:00,Pro,0
fc0bf037-c708-492d-82c7-a312dde02632,35,55681,2023-01-28 09:00,Basic,1
0f1fbdd8-18ce-481b-af4b-175bac47a785,36,27693,2023-01-23 23:00,Pro,1
f7a06092-73ee-486c-af31-97c82566bd02,29,28574,,Enterprise,1
31f8b4ab-4339-4cf8-873f-8d10f96d2fcc,56,22897,2023-02-09 02:00,Unknown,1
5ccd042f-ad3a-452a-a728-4505d46ef094,41,96324,2023-11-20 03:00,Basic,0
6fa8e7e3-cf1c-44b4-8f83-a8b21adc9650,30,62504,2023-12-04 17:00,Pro,0
49fab3a8-28ff-4f1e-b5a4-a9c1ffc472a3,62,54246,2023-03-04 06:00,Pro,1
c1dc62d8-4ed5-4268-9b48-a484b3f2002b,21,48500,2023-05-13 22:00,Enterprise,1
6dbb486b-afde-4972-ac2e-28590543ff5a,52,39704,2023-11-26 15:00,Enterprise,1
648dfd00-d464-4cea-b9b9-c041730a53d9,60,72986,2023-05-01 12:00,Pro,0
1d0da878-fad9-4e34-8be4-ee83238bdb9a,23,34965,2023-10-08 15:00,Basic,1
e4b3f19f-d2e2-4d20-b9c0-b905d1e8f1da,46,30758,2023-10-22 00:00,Pro,1
8e7e5420-6daf-4cbf-94e4-fcb482aa3b53,68,49657,2023-08-07 21:00,Enterprise,1
9f34fa9b-ef6c-4bb1-9950-02634381b9cc,63,51894,2023-07-10 05:00,Basic,0
174ac086-8e6f-4310-b162-8c7159165658,67,20253,2023-02-16 17:00,Pro,1
63a1125a-92ea-4812-a159-6d6cd413cd4e,63,115039,2023-05-08 12:00,Enterprise,0
b2092d8f-86d3-492b-a3b9-3265ca71a147,58,74669,2023-09-21 02:00,Pro,0
6dd9320d-e483-44f1-9bdb-f912d309cfe3,999,40638,2023-03-17 09:00,Basic,1
f9fc704d-8c9b-4079-b74c-22c244a34e47,47,34322,2023-01-19 09:00,Pro,1
57af33d3-1b89-4672-824b-48115c544386,71,66636,2023-10-28 18:00,Enterprise,0
ec8eb4bd-ec23-4e58-818d-62a218d375d0,22,66786,2023-01-04 00:00,Unknown,0
748a3950-3c17-4170-b5fe-205bc122f970,47,,2023-06-04 17:00,Pro,0
629ae86c-da35-4c44-9a8e-43078a706342,57,58847,2023-06-23 07:00,Basic,1
35ddd637-0dd3-411f-b750-dd9747fa43d0,28,51979,2023-05-22 21:00,Enterprise,0
fd187170-772f-477b-a2bc-df5549bcee27,50,58241,2023-06-07 02:00,Enterprise,1
087bbb6f-407e-4bad-993f-448808390979,65,39256,2023-11-04 14:00,Pro,1
ec4f5988-78b4-49c3-af15-c47ff41f6018,50,95765,2023-10-06 11:00,Enterprise,0
a27cae11-a08a-4cab-bd2d-a2d80ad8f335,36,101195,2023-12-24 09:00,Enterprise,0
51d19b31-e109-4b88-9fbd-6e1e08a10780,,,2023-06-24 10:00,Unknown,1
ed8abc35-5419-45f7-a649-55f83ae7061f,45,55998,2023-12-16 17:00,Pro,0
f8fd4fe9-4001-4dea-9c99-0ee111602017,,,2023-08-23 17:00,Pro,0
516d6520-77a0-464f-ae96-936d82175c94,65,,2023-12-02 22:00,Basic,1
91aec22b-0605-4611-86c1-5e41a8752b41,18,53191,2023-10-11 20:00,Enterprise,1
25bf1c9b-d3db-47df-87a7-5a68992dc9d7,65,37137,2023-04-22 04:00,Enterprise,1
fa4f79a9-9b47-4ff9-b081-15d976e8fef1,28,50744,2023-11-02 22:00,Pro,1
b1e96883-5aa3-4eea-84ea-93add266a9b6,999,119448,2023-11-24 12:00,Enterprise,0
9b1b9bfb-b44d-4af8-ab2b-41889bb465c8,27,76215,2023-09-14 03:00,Pro,0
8b5c0c98-d3ff-49b2-b9ce-4ac295cbfd31,999,78943,2023-09-07 19:00,Basic,0
5dbcd261-2d96-46eb-922e-997709dca9da,69,38754,2023-05-18 17:00,Pro,1
1b9e10fb-6174-4c02-a956-a54c08c7d303,50,51308,2023-03-10 06:00,Pro,1
f17eed0b-6a22-4be3-bf69-c50d8fbc87c8,,69875,2023-07-03 11:00,Enterprise,0
a68bf1dc-eaf5-4ea8-b3f1-4d1e1605ca39,27,20689,,Enterprise,1
a94387e6-06a6-4f0b-b0b1-963b874d369c,24,,2023-09-04 14:00,Enterprise,1
86a99d4d-933e-4dd2-9249-1da997c76d66,38,37816,2023-04-25 09:00,Pro,1
af983e41-04e0-44ff-a703-cc9ba8fceb0e,65,86758,2023-05-02 18:00,Pro,0
e54b7ff8-853a-4b86-a895-7d930b163f88,28,55050,2023-01-09 07:00,Enterprise,0
43083f02-f24d-4aa6-a26b-b45df2919a8c,23,43459,2023-04-25 22:00,Enterprise,1
e224e0c0-cbe5-4468-a96b-c7256c57bc5b,30,75691,2023-12-27 01:00,Enterprise,0
4934c7f1-1309-4bde-8ffd-92b59fc12631,42,51351,2023-07-19 21:00,Basic,0
511f5514-372d-4131-ac3e-f7b906e7f9c6,68,119382,2023-06-27 20:00,Pro,0
347765cf-057f-4a08-9777-1907a29b9a8e,27,58276,2023-01-20 19:00,Enterprise,0
65ea551d-2c42-467d-a8fd-38a874678321,999,44152,2023-11-18 04:00,Basic,1
d9ef999e-476c-4604-bf19-0c82ed059bdc,53,25092,2023-04-21 00:00,Enterprise,1
17f2fa5f-2910-4926-8907-d6038494a492,60,53943,2023-12-18 03:00,Basic,1
4c145859-a79e-4182-8c17-556a93ae5b28,32,,2023-04-18 08:00,Enterprise,1
f16d0541-f937-4dc8-868b-1c4b5bbd34bb,22,51784,2023-01-21 03:00,Enterprise,1
02174129-e43f-4af4-8c1b-eb53db30a230,54,42908,2023-06-03 20:00,Pro,0
e32cc4f9-8173-4647-ac40-1ff07b03f56d,60,73749,2023-08-28 09:00,Enterprise,0
dc565a38-91f0-4910-b2c2-c984a99af655,69,46500,2023-10-17 14:00,Enterprise,1
77670c87-165a-4464-95ef-3e7dea756509,74,20171,2023-03-08 22:00,Basic,1
750c55b4-36b7-493c-868e-77634c1698c0,20,44823,2023-05-21 21:00,Unknown,1
dc17eada-3f45-419c-aef4-0d852e2cbab5,68,27834,2023-01-15 03:00,Pro,1
e5fcada4-d913-41ac-8245-e6a0a4dc31e6,65,22202,2023-11-12 14:00,Enterprise,1
32271e9e-cdae-48fe-b0f2-5290c0a01f76,55,58998,2023-12-05 14:00,Pro,0
846eb9f3-16e1-4ed3-a758-d2799b55fec0,40,41418,2023-07-20 15:00,Enterprise,1
e4dee257-f94d-4a36-948e-413681b7d4e2,,112361,2023-02-13 14:00,Pro,0
445a04f8-dae9-4f96-8a9e-7c811c03bd76,72,110378,2023-12-16 17:00,Basic,0
938d7b5c-630b-47d7-a2ab-0b1e9e597970,69,33352,,Basic,1
8ee1a307-fb3f-480c-882d-64186a358466,54,58169,2023-06-22 15:00,Basic,1
16c95a82-0e5b-439e-86a4-b4c938946b54,73,117614,2023-05-07 09:00,Pro,0
b38643eb-b146-47fb-a41c-be53cb86cb99,18,52432,2023-08-01 19:00,,0
b780cb3c-9966-4821-a165-e83edfd238ae,43,34676,2023-12-15 19:00,Pro,1
1094c016-9233-4f55-8e0b-803cfbf7f48e,55,107393,2023-11-16 04:00,Pro,0
ccf69609-9fa6-4217-96ca-1b3e037b16b8,19,31693,2023-01-28 06:00,Basic,1
68f56809-d214-4fc7-a784-f0c7519f7450,39,25355,2023-06-03 08:00,Enterprise,1
3daf0449-8675-43e1-acd0-ea1a9c2fd1db,33,117388,2023-08-07 08:00,Pro,0
1dc0566c-b346-4f56-8b0d-67675d138a22,20,98346,2023-08-22 05:00,Pro,0
e71e7aec-c0d2-4d46-ac34-bc0de1976e56,75,102689,2023-08-12 19:00,Pro,0
76d7a218-7538-4f0d-bca8-aaafe6ee30ea,57,,2023-03-19 12:00,Enterprise,1
f47618f5-9057-4447-b2ad-a3ba13455a96,25,38893,2023-08-16 05:00,Unknown,1
536ca6da-2696-453a-9ac6-db0d77acb63b,57,,2023-01-24 08:00,Basic,0
beefb8fc-33b7-44f0-a75b-3ebc071a6e11,38,30622,2023-08-08 22:00,Basic,1
7efad3e5-b093-49d6-8c97-487063d83e85,21,82557,2023-01-21 15:00,Basic,0
7f14bd69-3769-453b-bf0a-b855761dc3f7,69,86859,2023-05-07 22:00,Pro,0
ea1b0bbb-493f-41dc-b49e-4229a3bc179f,999,110009,2023-04-26 14:00,Basic,0
808e9183-f6a6-4e45-89c3-e958c9652464,21,44432,2023-09-10 13:00,Pro,1
5f27d3c0-f0c8-4226-a27a-86991971301e,71,56444,2023-03-24 01:00,Enterprise,1
2e099fc1-4586-4284-a2ac-be6166bb4158,18,41388,2023-10-12 01:00,Pro,1
63f1ed13-1022-4273-9dfe-aceb05721bcc,72,58675,2023-09-07 20:00,Pro,0
5b269832-6a68-4b64-a4a5-fe1a705a3156,56,51141,2023-05-26 05:00,Enterprise,0
1eb51d36-195e-4230-90ba-3fbbb7b0e647,39,118572,2023-07-22 04:00,Pro,0
df524c40-c5b4-43fb-9188-ca26552c37fd,48,,2023-09-22 20:00,Unknown,1
9d3f890d-1a91-48fe-866d-7596719e20cc,45,40998,2023-01-23 20:00,Enterprise,1
3692497d-c2dc-49a5-9ebd-f37657b8b8b1,999,34195,2023-09-19 18:00,Enterprise,1
5722b9e5-b5d9-4d0d-bf0d-f3f5b3de2d1c,43,110092,2023-12-07 20:00,Pro,0
9f902913-8b8f-4ca4-9cc5-23d7dfccf129,73,111569,2023-05-21 05:00,Unknown,0
1708488c-de71-4b1e-a5f6-019bfaa2f825,999,41720,2023-08-11 15:00,Pro,1
bdb530a8-3e18-4ae2-a853-75a2093de06b,53,38919,2023-03-19 13:00,Pro,1
ad8e8f19-1a7b-4cdd-9aa5-e397c3a86131,51,118817,2023-04-10 23:00,Pro,0
ce27f764-54bd-444b-99ff-031122c23b6f,52,89925,,Basic,0
6e0b7b6e-6f32-4515-8fe0-8c5c7449ddda,67,95860,2023-07-20 06:00,Basic,0
a2b28e47-71ae-40be-a719-fc4b3712b996,75,87253,2023-07-03 14:00,Basic,0
f7da77ed-00d3-4600-b805-1a2f5a84ceca,39,110063,2023-09-28 08:00,Enterprise,0
ee7130ed-bb18-4172-993d-40fea90edfdc,74,100100,2023-07-17 02:00,Basic,0
f944a75b-cba1-4157-a4d4-9c882788dd39,999,25540,2023-02-06 13:00,Basic,1
e75b5b17-937d-4545-81f6-84560b3c47af,32,57282,2023-07-09 00:00,Pro,1
301f0227-1b3d-4bcd-aff5-6b4ef5a88d1e,18,59519,2023-04-22 01:00,Pro,1
2090f08f-4245-4310-8625-461752d89005,19,115709,2023-02-05 09:00,Pro,0
6a6dc71c-0b3d-493f-abb4-179e5d7b2063,34,57874,2023-12-17 09:00,Pro,1
46b50a66-0676-45b6-8568-d16041d61c75,48,90706,2023-09-27 02:00,Pro,0
b7d7a6f4-1e01-4508-81b2-40b7f6bf0d34,65,29003,2023-01-25 10:00,Basic,1
733d03ed-2bf6-4061-97d5-b352f33f0d74,73,111802,2023-10-07 04:00,Enterprise,0
4bd2aad2-eb1d-4f45-988a-16093eb03d48,74,80135,2023-12-18 08:00,Basic,0
9e20c474-033c-4142-9193-96d68b3719a3,24,47935,2023-12-19 10:00,Pro,1
177c01e9-547b-424c-9923-5351c898a98c,74,55991,2023-05-21 18:00,Enterprise,1
f4e51cf1-518d-4ec6-88c5-f201d2025e33,27,59770,2023-08-04 02:00,Pro,1
0c76e328-2ad7-40d0-b51f-45cd4a9467cd,,34368,,Enterprise,1
1dd5002b-4958-479f-8c2a-055d5a7b82b4,44,104170,2023-06-27 21:00,Basic,0
26fa03f1-39ab-4fdf-96f3-2867107df9fa,32,88321,2023-04-01 05:00,Basic,0
b04e1f59-d8de-41f3-b968-911d840b82b5,27,43949,2023-08-11 16:00,Unknown,0
7a09df83-e6ca-4d4b-b609-a9b62c22bbf8,42,57824,2023-02-20 08:00,Basic,0
8bde0a7b-c040-417b-aeed-47a2ef507ea5,34,32994,2023-03-27 07:00,Basic,1
e0bbe0af-67d8-4665-a68e-cd78b4c7f86c,22,38855,2023-06-22 12:00,Basic,1
ec541859-fba7-4c67-b4db-938f8fae2ab1,34,35933,2023-02-14 03:00,Pro,1
5ef22bb9-cf9a-4f9d-b390-24dcf2e188ab,41,24720,2023-03-03 22:00,,1
06ef1e11-9501-478d-aae6-9642d91ba500,32,35669,2023-08-07 05:00,Pro,1
af9c9a48-d1a7-4daa-acd7-106e5b083eee,73,43462,2023-01-09 18:00,Pro,0
25de9cfd-afff-46e3-b090-f7c8e0f26a00,28,57503,2023-04-28 04:00,Pro,1
981631c6-d276-40cd-bd2e-adf3a5554216,56,116705,2023-12-27 15:00,Basic,0
98888c03-6404-44df-b3e6-45fee17000c9,66,109599,2023-03-14 06:00,Pro,0
20c07e71-0015-4450-8a74-22c42dd4f290,33,63617,2023-07-10 21:00,Basic,0
27a33965-aa52-4403-a794-bf09ea085051,,108250,2023-11-24 20:00,Basic,0
a64addbf-54fa-4edb-89fa-45133e72da93,59,,2023-09-01 03:00,Unknown,0
02303546-9723-4b6f-99e6-a88c9f327434,26,45691,2023-06-01 04:00,Unknown,1
8f2a3840-f708-4b5b-94c9-81fa3eb44e88,45,54498,2023-04-09 05:00,Pro,0
f5f93223-230d-45dd-92c7-3b4c96e55b7d,63,43082,2023-12-14 00:00,Unknown,1
63fe1058-ffc2-47ec-b739-ff2e9ca074b3,65,35413,2023-12-26 07:00,Basic,1
dc324ef2-aab6-4be6-8e26-d78279c8a928,58,26720,2023-04-16 16:00,Basic,1
2bc68a96-2903-4fef-9e4c-dce82609a103,74,44606,,Unknown,1
5852c105-a283-4310-825b-cd5404c999e4,27,65481,2023-06-01 19:00,Pro,0
421fa3b7-a575-4438-868b-f9c84f8f3cdc,41,48870,2023-08-11 17:00,Enterprise,1
41ef18f9-ce81-4d26-8c3c-86709b69a593,46,55539,2023-08-09 20:00,Enterprise,1
1f2a973b-2f7b-4d7e-bc33-ec01793823c9,52,36578,2023-02-03 11:00,Pro,1
b87e5c45-9295-4a50-bf4c-2b172809c071,41,112957,2023-01-25 12:00,Enterprise,0
d974fe61-a320-4c41-a537-9079191e6d0d,66,49089,2023-06-15 15:00,Pro,0
467185b5-95e7-48b7-b1b9-9fac09f38a3a,28,58157,2023-10-07 05:00,Pro,0
ceb0465a-336b-409c-9855-6b7c19697b9c,39,95158,2023-12-17 10:00,Enterprise,0
795d2231-9f23-4f3a-8c5f-0cd6f438fa1c,72,30587,2023-11-01 07:00,,1
3379fbbe-26df-4307-940c-46a07198f63a,,33451,2023-10-26 15:00,Basic,1
90d058b8-b9d1-45e4-bf76-d9d9190ef63c,59,35219,2023-07-02 12:00,Basic,1
fe86b25b-6866-4e62-ae37-b120b3ed18c2,39,115382,2023-12-08 15:00,Basic,0
a940eabf-a311-46d2-8924-4e0a7df1590a,20,28795,2023-12-13 01:00,Basic,1
f6a60d1f-eb30-42b0-9f5a-f2718b4c7640,57,70476,2023-06-25 22:00,Pro,0
e032da8a-557e-4bf4-9d4c-28de1c3282c9,50,40005,2023-08-07 06:00,Enterprise,1
f8337086-5ee6-46ad-8b1c-338c462ebe7b,62,57520,2023-09-07 04:00,Pro,1
a4fa4285-3166-43b0-b293-4917b88d28ba,66,,2023-04-08 18:00,Pro,1
3d540803-a553-405e-956e-fdf24fa3b2d1,36,28118,2023-05-14 06:00,Basic,1
cd27b6f7-f41c-4d9f-a20a-dc1500c9c781,75,99282,2023-09-09 11:00,Pro,0
a2788692-3330-4c1c-aca8-350d8267ebb4,70,98998,2023-01-05 10:00,,0
d56a77dd-bab7-4ff4-ac73-8158d0c9f232,25,25062,2023-02-21 09:00,Basic,1
d383dc26-8701-41e4-a149-cd8de08d0534,43,57224,2023-05-23 05:00,Basic,1
d97d180c-4b1e-4aa6-b68d-0d92a0df3e42,50,,2023-02-27 14:00,Basic,0
14c1f85b-04c9-4733-b45d-aa231280d04f,67,62441,2023-09-07 04:00,Enterprise,0
fc8f5f8c-6b54-461d-bc34-7dfce29e974e,,57491,2023-06-09 18:00,Pro,0
90f266fa-f598-49cf-8101-8ff5886ae690,999,23490,2023-11-04 21:00,Pro,1
5412baec-9403-4aeb-9133-1a2315e3ac50,27,81151,2023-10-18 03:00,Basic,0
27499ee9-f670-4e7a-9ebd-9145cf122e07,60,31365,2023-10-23 09:00,Pro,1
2da89a60-7eaf-4f6f-bd18-76ae72a12ead,58,21337,,Enterprise,1
4eff8450-c048-45eb-8ae7-4f6d8c207df6,60,95871,2023-07-17 15:00,Enterprise,0
f4f64da6-5a71-4d1a-b210-242c68fd57ce,43,52525,2023-06-22 10:00,Pro,1
20c548b1-3625-4849-a150-73a9ff815005,37,53235,2023-11-27 15:00,Enterprise,0
623b1631-fc4d-41d5-9e59-9ed34941abbe,53,115603,2023-10-10 22:00,Basic,0
98fea177-b722-4d1c-87d1-8c297ab7ed37,38,77925,2023-05-11 05:00,Basic,0
9484c8c7-5662-4855-9936-6d10a50752d7,65,80117,2023-05-21 08:00,Enterprise,0
bdfa1b92-a925-48b8-8b64-05c37014a3c0,74,89523,2023-04-12 11:00,Basic,0
cf61cd61-1448-475f-8270-135e5bc0faf7,53,34065,2023-06-12 03:00,Unknown,1
642782ab-b854-4b54-b0bb-3fb96e9d5f7a,22,50971,2023-09-23 09:00,Pro,1
7f91cab3-6804-4463-ac61-25492eccf508,34,39131,2023-08-10 04:00,Pro,1
b1dc5f59-a725-4e41-a63f-6f0197dde019,999,43769,,Basic,0
a6164f9d-65c9-452d-a575-35de8c70c46d,29,45507,2023-10-19 10:00,Pro,1
df022a41-07c5-44b0-a91b-6cb66f357a32,64,56118,2023-02-27 01:00,Pro,0
fbb2d76a-295f-47ae-825e-88526024412d,22,105399,2023-04-09 12:00,Enterprise,0
9b86c44f-e564-4af5-94ff-731c0a2d1e3f,70,63760,2023-04-13 11:00,Pro,0
f942e0d0-36b3-4193-9eef-2d9e16efc4aa,62,31930,2023-03-18 07:00,Basic,1
d0398e75-a472-478d-967d-5878c21df2a3,50,47855,2023-07-13 21:00,Pro,1
21121c10-4012-4177-8a88-a0fc50834ac4,33,119773,2023-08-02 01:00,Enterprise,0
a6b12d8c-9196-4992-9c95-8b77820f114b,61,64586,2023-11-09 08:00,Basic,0
54fd3847-eedf-47df-81df-ac394b999bb1,,75408,2023-11-14 12:00,Unknown,0
9fa4976b-b21f-4ed4-bf61-7e90a58fb7f3,61,103968,2023-12-12 18:00,Basic,0
5c3e6caa-7ef6-4f14-b637-1e0d91a55e8e,63,59125,2023-09-11 11:00,Enterprise,1
c7949876-06f8-4fb0-a1b0-56f32e2713ec,57,28615,2023-09-06 20:00,Pro,1
feec4a7b-9bf1-4581-afef-0a01da702d70,38,32162,2023-12-19 01:00,Basic,1
1d69c5b0-5c56-4be0-9911-637c938de36e,69,40940,2023-01-03 09:00,Basic,0
76571bb6-b613-4b45-a239-dc90c9b1b576,62,108003,2023-02-09 01:00,Pro,0
9677ee07-557d-42e6-8456-1cac5580e3a6,32,34811,2023-01-17 04:00,Basic,1
9d7008f9-13d7-499a-929f-8de09001c7fc,67,,2023-12-27 19:00,Enterprise,1
a82dc6e9-9284-4204-a4ea-6ea29678a9de,62,27625,2023-04-26 11:00,Enterprise,1
5c8b97c7-3b55-4797-b000-3aa2b6e339bb,43,56012,2023-04-22 02:00,Enterprise,1
1bf41fc0-a769-442b-bc02-5527bc878832,48,75746,2023-05-06 16:00,Enterprise,0
ab6f464b-9b6f-4680-acf6-3f4fec7abe54,69,72105,2023-01-16 00:00,Enterprise,0
d1584392-f284-4c2a-8745-75c663b63e94,,116977,2023-06-24 15:00,Enterprise,0
66bc41e3-d108-4e44-ac48-270874a64d14,999,38850,2023-02-24 03:00,Pro,1
91b6a2c0-79ae-4804-8c91-4360a989c624,45,87662,2023-07-04 05:00,Pro,0
35c94f6c-dd5a-445c-817b-b81e68acaa8b,28,52971,2023-06-23 09:00,Enterprise,0
d7da2ca9-8233-4e39-abd4-add21328c53b,67,41503,2023-11-10 05:00,Enterprise,1
f9675180-cd11-4178-9015-60417ef46673,999,88083,2023-06-02 14:00,Basic,0
d10a9f09-5d98-4862-8d8f-4be0abf52acb,61,50648,2023-02-28 11:00,Pro,0
5b5e82b1-55ac-4100-8e3e-5115621ccf4d,46,46593,2023-12-01 11:00,Basic,0
cbba6521-c011-42a6-83df-0f57b660ad13,62,32069,2023-07-08 10:00,Pro,1
f77d00bf-ea8e-4723-a137-55d7d2530a2a,60,21117,2023-03-13 08:00,Basic,1
d4e727a0-c996-4e96-a533-b8a3829afdb4,36,24426,2023-02-01 13:00,Basic,1
2811cffa-c521-4ed5-99d6-ab37474317e0,70,112380,2023-05-03 10:00,Pro,0
e692940e-73fa-41fc-8b90-e9769d86bac1,46,58963,2023-02-07 16:00,Enterprise,1
a5707ccd-5e7b-42e8-aeb7-fbbb5774fc53,20,94286,2023-10-24 15:00,Basic,0
d77237bb-c616-4aea-a00a-0585fc4d4db7,39,57564,2023-07-05 04:00,Enterprise,1
d9a273f1-46e9-4a47-831d-cac495170864,18,85810,2023-01-08 05:00,Pro,0
bef92986-f159-4529-9c8d-001e28e40594,75,100542,2023-06-06 14:00,Pro,0
6e05ee06-25b3-41b4-bec0-5e7c054d6fc7,58,93951,2023-03-22 00:00,Enterprise,0
6086aff4-3e44-48be-9e36-e6e1a528bbfb,999,78231,2023-04-25 07:00,Unknown,0
4d4ea62c-934d-438a-8ca2-be680fc4520e,47,48923,2023-06-23 01:00,Enterprise,1
ea5de574-66ad-448a-974f-13836111108a,62,,2023-11-16 02:00,Pro,1
3e2e738e-4ea7-45ce-bebb-693533b06d5f,23,85771,2023-09-25 01:00,Pro,0
e164fa9c-ed3f-4a6e-b182-c47921ffaa51,46,29274,2023-10-18 06:00,Enterprise,1
5819f577-341f-4d85-9e0a-5f52ba706a2a,38,55382,2023-07-23 10:00,Basic,0
fda38fa3-54b5-4ab6-85ca-f32c33bfee0a,42,118914,2023-10-10 10:00,Basic,0
1ace3a49-4f38-46e8-a8b2-48a54a3c8116,69,23548,2023-09-06 23:00,Enterprise,1
8abfec3a-4f4b-490c-b6b4-c3b2ca15ba29,46,107089,2023-02-03 12:00,Pro,0
81488e71-d9e1-4ce2-b07e-fc992b4937a8,52,,2023-04-23 11:00,Basic,1
7618992e-b84f-498e-a897-320e40c2e7ff,999,97376,2023-04-16 08:00,Basic,0
ebd2c6e5-add9-4911-a47b-724ea26771f5,26,,2023-01-25 05:00,Basic,1
5d6e8255-545b-44d1-810b-4b9ceea85b00,33,55961,2023-06-07 04:00,Unknown,0
868ec892-c7bc-4e60-ad3f-46e00864a11b,43,62536,2023-08-16 02:00,,0
e0540cc5-782d-4023-9490-42de4578bc6e,25,108068,2023-10-09 05:00,Enterprise,0
1ac1ce52-45aa-4d20-853b-74821a1974da,999,109715,2023-11-12 00:00,Enterprise,0
495f2417-1a07-4891-8daa-9fb5804a1ec9,45,57453,2023-11-21 03:00,Enterprise,1
9a6f4824-476b-4333-bee9-cd1b7bb36f41,75,24021,2023-07-05 04:00,Basic,1
efe4bd57-1091-48aa-9d14-16d106f95416,73,72967,2023-11-28 16:00,Pro,0
271534a5-bc6d-4ed7-ae76-f7a4bf63d11b,71,56403,2023-07-02 23:00,Unknown,1
00971d81-cff0-4264-8ac3-ed71624969b8,75,20847,2023-06-16 18:00,Basic,1
6ea1756e-b950-4f70-a3a6-cc42d9fa5cdb,999,55037,2023-09-11 06:00,Enterprise,1
dad82b42-6579-4072-89cc-96a8a3ec3a49,43,26514,2023-04-01 07:00,,1
dcc92c6d-55e5-4eb1-9a64-564e9482e9a7,28,92662,2023-08-22 08:00,Enterprise,0
a236f5ab-48d5-4ab3-8246-3d5fb7be95fb,37,20481,2023-11-08 14:00,Pro,1
6ebec537-732e-43a2-92cd-7af41358d3ab,70,35032,2023-04-10 20:00,Enterprise,1
9edbb355-6732-4323-b225-10b78d084b71,36,61475,2023-05-04 21:00,Enterprise,0
b99ae557-25c5-4fd3-94c5-96df25ca1fc7,24,34948,2023-12-15 14:00,Pro,1
3ef94107-a71a-4f43-97ee-ce38dbdead1f,,55393,2023-01-17 21:00,Pro,0
6e14d830-fe2e-42dc-8146-be0da2a151cf,54,53324,2023-06-04 13:00,Basic,1
1021c5ab-123d-41a5-9951-6c8ee6061a71,27,46644,2023-12-12 22:00,Enterprise,1
66e8a1f8-e1a9-40a5-b29b-1006157c0d73,48,53687,2023-09-26 19:00,Pro,1
23da959d-a27f-42bc-87cc-9d869bca91bb,68,86791,2023-01-12 15:00,Enterprise,0
f6e8d5c0-2b03-4fb8-86f2-35e80d4d786d,68,28521,2023-02-25 00:00,Pro,1
ded94bfe-b976-4d97-af4f-e6d27f06c0cf,26,25862,2023-01-28 02:00,Enterprise,1
aae357bb-0e32-4c69-a99d-36f411920fc0,47,30919,2023-03-09 02:00,Basic,1
8ecf9a67-0c08-4139-89bf-e009a4c0139a,36,28861,2023-07-08 18:00,Basic,1
7b23c52e-0250-4161-a2b7-0b80a0036313,72,86954,2023-10-09 22:00,Basic,0
a9143fe0-ad09-4157-ba89-047ada157967,60,59419,2023-06-04 12:00,Pro,1
f97f80ff-4283-4725-b5e0-4d3a672eae14,55,79817,2023-03-25 19:00,Pro,0
57da60a1-05ac-44b2-ac03-53466d441b78,58,97650,2023-10-14 21:00,Unknown,0
bd3ac257-a184-41b5-bf40-a209e467064b,25,81682,2023-04-07 23:00,Basic,0
60cd5703-e076-4f7e-ac2a-a254742b3f4f,,97188,2023-07-03 14:00,Pro,0
9e6457ea-e1f5-483f-8193-6d40a5b97ecb,23,43975,2023-06-04 11:00,Basic,1
2e3ee4b9-22e1-4d0f-83e8-2677ecc719e2,,70623,2023-04-01 01:00,Basic,0
726b893b-0211-4345-94d2-7ebfc68a9fde,67,101855,2023-09-21 09:00,Enterprise,0
05cad44f-8617-4e1c-8bbd-91a3d621661e,59,33189,2023-01-14 11:00,Enterprise,1
13ee9950-c026-4299-aae9-683152d6f390,60,40409,2023-05-01 09:00,Basic,1
2103eef5-ed18-43fc-8c81-0371cffae442,25,68638,2023-12-26 11:00,Basic,0
ce813e8a-2eb1-429e-8237-945b764dbac1,44,53851,2023-11-17 19:00,Basic,0
10af47c2-9dc9-416d-b706-98a6a77368b7,48,24454,2023-10-03 18:00,Enterprise,1
d5af76b5-6134-4d85-8fbb-2ba17a080ca0,49,83991,2023-08-24 19:00,Enterprise,0
b7d269a2-c6c6-4c0b-844a-0e6deb5fe187,54,,2023-11-19 04:00,Pro,1
081e01d3-7692-4606-95af-00df4abf2fa3,19,85766,2023-04-27 22:00,Basic,0
516e7380-7384-481d-b52c-010febfa6256,72,116114,2023-08-10 18:00,Basic,0
d3c1d805-39ff-4140-907c-c16bc5f34123,999,40061,2023-07-12 16:00,Unknown,1
386f2549-d744-4ccc-93b3-8f170de69ec6,67,32466,2023-05-24 16:00,Basic,1
81029d0b-a295-4f1d-a23e-d31cb294321e,45,53371,2023-09-08 20:00,Enterprise,0
75921c97-265c-430d-bf5d-9e61f6145dc1,66,74320,2023-09-17 21:00,,0
686d581e-a88d-44f9-a9b3-9b7d4c2644b8,25,43586,2023-12-18 19:00,Pro,1
d06f689d-14bb-416f-9f45-fab62d9457b9,73,32520,2023-12-15 18:00,Pro,1
7061f7fd-cf6f-41b4-a207-dda3d9696893,46,46357,2023-04-26 05:00,Basic,0
59bbce3e-e328-4ee7-a65a-66b38b56622b,58,47601,2023-08-22 23:00,Pro,1
8ea7f892-dbb5-4d7e-9c0d-93e9d32acddc,24,113393,2023-05-04 05:00,Basic,0
f418fe46-e239-4ea3-bcff-1a84bb81bf6e,20,93328,2023-06-12 13:00,Pro,0
6e137ade-9079-453a-a878-99c3b59c339d,61,31372,2023-08-17 15:00,Pro,1
7dce0fba-6bd1-4738-8df0-7337be3b83a8,71,43691,2023-10-25 12:00,Pro,1
cf914a8c-8b0d-4c8a-a454-dd2a1622b8db,42,49021,2023-05-22 05:00,Pro,0
ea80aac9-8b94-4d74-b980-cbeb4b68e2e8,52,45304,2023-10-10 03:00,Enterprise,1
cee82a05-d867-4914-9346-c1ee8b0b515f,39,106216,2023-04-15 10:00,Basic,0
15d72306-268f-439a-9067-da2899e9b514,47,47196,2023-11-17 05:00,Basic,0
ef358c9a-c2be-4299-8e20-5506c28d0367,61,38199,2023-12-28 01:00,Basic,1
1b32bda2-a363-4ad0-9bda-232398c5d643,53,,2023-07-09 18:00,Enterprise,1
32f5d0ef-cc3e-4866-a6a7-bdd5a78fd269,42,68921,,Enterprise,0
fd5d6264-8180-40a2-ac9c-da3e60553a45,49,74419,2023-03-10 21:00,Pro,0
563d9013-21ed-487c-b52d-25a854c0c06f,29,,2023-09-23 07:00,Enterprise,0
0c29574d-7ec6-4332-a280-46b4a14723e8,29,89469,2023-08-12 01:00,Pro,0
eb947728-8b41-4ac0-ae20-c6dd040c0bfd,51,46175,2023-10-13 10:00,Enterprise,0
57dfd51a-5803-432c-998f-9ade0172f5b6,44,91804,2023-10-26 00:00,Basic,0
a9b3e8e8-d763-4b61-b1c4-48930e9c66d3,51,41791,2023-08-23 18:00,Enterprise,1
f4e30c66-2141-4a19-bf62-9f8ad1576351,24,,2023-11-25 01:00,Enterprise,0
fcc67aab-d865-4adc-83fe-3bc7b877e167,60,79844,2023-05-09 09:00,Enterprise,0
2339835f-addd-40c5-a44d-6c070f109bf5,,21805,2023-05-17 10:00,Enterprise,1
dd9fa97f-53f5-42a5-96ed-5e6286b40a41,35,50078,2023-08-06 14:00,Unknown,1
9d466126-19ef-4bfb-b675-7a407655bc32,74,29645,2023-12-18 19:00,Pro,1
bf36f7c5-a4d1-4295-97d7-56b7888d04da,70,35391,2023-10-03 14:00,Pro,1
cdcb7f8e-74db-4ad6-aa65-16ca06e5c349,23,93045,2023-03-28 23:00,Basic,0
e9ebd821-252f-4f30-a2f6-d86da7c10232,22,51914,,Basic,1
28258ce7-9269-4931-9c65-7e0d782011eb,33,100368,2023-11-18 11:00,Basic,0
808b1ccc-2380-40b3-b788-b2f6326eae25,52,39877,,Pro,1
99780670-f9d6-426d-a338-6498f6c78a9f,,32224,2023-01-01 21:00,Basic,1
ed236d8d-d0d5-48fb-af68-12309ccaa41d,22,51407,2023-09-25 01:00,Unknown,1
4a7a288f-c8d7-4353-aef9-387c4c6f08e7,34,28784,2023-07-01 12:00,Pro,1
273d2e0f-b3c7-4e1b-8e13-4b471ca78482,47,111979,2023-10-01 04:00,Basic,0
b00494ed-94b5-48f5-a5a9-8f3089ced6b4,41,54320,2023-06-23 18:00,Enterprise,0
b6944069-9d02-4e29-a9f5-a64e0b633b1e,28,84472,2023-06-04 02:00,Basic,0
4ab294e3-29e9-4cfe-8686-083905ac0b8b,28,45680,2023-03-23 08:00,Pro,1
6bb2d373-6138-42d5-be2b-83008fbb63d7,41,48276,2023-11-10 02:00,Unknown,1
eab93761-a734-4c7d-9460-46706bce4615,60,,2023-01-06 17:00,Pro,0
dbc428a9-cc2c-41d1-8ec8-dc983499aef6,63,100079,2023-03-01 21:00,Pro,0
4e5667bc-3330-4dc7-8b07-b4a1aacc40dc,37,40403,2023-07-15 09:00,Basic,1
039eb012-6f29-476e-a3ac-0cf33e26bf41,29,82542,2023-06-10 03:00,Basic,0
9123b4de-3de4-4c49-869e-52a4a77f8caf,69,68624,2023-10-23 02:00,Pro,0
3b8a9fbf-c479-4017-ae2c-459dd82a8e93,35,78007,2023-11-03 20:00,Pro,0
64bdca63-b74a-459b-985c-758f6f035f47,70,81681,2023-07-04 08:00,Pro,0
c50c6282-100e-482e-8faf-cc9f8c27fe1f,31,27105,2023-02-25 21:00,Unknown,1
05f14032-3356-4ba7-98b6-759c85409e84,49,34585,2023-02-05 00:00,Basic,1
b64e5274-4c7e-4690-9655-c0e5e096e722,27,38482,2023-02-17 06:00,Basic,1
00be7f70-5195-4aa6-be60-fce3512e49a6,26,60141,2023-05-22 23:00,Basic,0
bc899e57-7b40-4627-bacd-5715b034570c,35,94269,2023-10-19 16:00,Pro,0
17f611cf-6221-413a-a7c1-294e17e7d94d,53,92862,2023-01-25 18:00,Unknown,0
ca99837f-e544-41a7-8cd1-0c61f3060305,75,24625,2023-12-07 22:00,Enterprise,1
8d9a1fd8-25ae-42b1-b6a9-dc8f3d32ec1d,28,110102,2023-03-15 00:00,Enterprise,0
cba79025-a332-47be-94f8-a33d2c78febe,19,44017,2023-11-12 05:00,Basic,1
4ef0b22d-0f89-4f07-bdb6-6ddbfc81d438,35,,2023-11-11 20:00,Basic,0
81ea4a35-dafe-4f0c-b832-513ba29d51ef,29,40332,2023-01-09 05:00,Enterprise,1
465fde13-ce3b-4236-b346-580ea59fac95,64,29583,2023-07-24 21:00,Pro,1
1d9f87b1-bed5-4459-8040-3277d643bbea,72,111780,2023-11-21 14:00,Pro,0
0c9de0f8-37cf-4e30-b546-07b624431af6,54,,2023-02-13 19:00,Enterprise,0
37207489-6162-426b-bb42-113f0486b816,63,43082,2023-05-17 09:00,Pro,0
5037d815-34ef-4cbe-82bf-1d6662387637,32,34241,2023-12-27 06:00,,1
f4332a72-9724-47cd-bbb7-890c6cf23b61,43,40194,,Unknown,1
13395626-60bc-440c-bdcf-78fe8c06d484,67,55803,2023-02-27 15:00,Basic,0
a7d706f4-72fe-437b-9755-05f6d666b90a,60,43022,2023-04-17 22:00,Enterprise,1
df38d37c-4fd8-47b6-97e5-6bb54c4d98ce,57,66803,2023-12-14 19:00,Unknown,0
5d5910c0-8431-4a04-8b55-f4f9e5241c38,46,52328,2023-11-19 20:00,Basic,0
47849895-6350-4b2c-b29c-132cb770bfdc,67,106938,2023-12-23 07:00,Pro,0
cd64c258-6eec-494e-9aca-a66c1adc6962,74,114711,2023-09-02 15:00,Enterprise,0
fa3631f1-401a-4ddf-a1f5-7fb3f1b30922,68,63975,2023-11-25 10:00,Pro,0
9e06925d-51f5-49a0-9a0e-9cf4c59c3b22,67,58686,2023-08-23 23:00,Enterprise,0
023d4578-6669-4411-92a3-3719419e4557,51,43341,2023-12-20 05:00,Enterprise,0
e3247850-2e84-46fb-a6b4-9583d30e9796,71,,2023-08-09 14:00,Pro,0
6501831b-6b0d-4a41-8ba5-c1c2d4a59d1f,59,34835,2023-05-13 20:00,Pro,1
be8563b8-f82b-4f42-80bc-7c5e4c7ff9b6,31,41195,2023-10-24 17:00,Pro,1
4c1e5923-3189-41d1-8ebd-2d94169bb100,,86221,2023-03-22 12:00,Pro,0
a180d394-d173-4668-b155-94da9514741f,999,58835,2023-07-06 11:00,Enterprise,1
a375a39d-ed4d-45a8-81bf-5f4109800f89,999,44810,2023-03-11 02:00,,0
16b6a6d5-bf05-41a0-9fd0-6f21f17c4a2e,63,45205,2023-10-07 17:00,Enterprise,0
13741887-09bf-4fc0-af3a-ea1d03e9a7dd,999,112978,2023-10-21 15:00,Enterprise,0
c2fa0651-bfe4-4d4a-976d-11f4647220c2,19,63614,2023-11-19 03:00,Pro,0
d2085263-ae32-4cd7-82b5-0a6828e18e66,51,20602,2023-10-01 13:00,Basic,1
0a8aadd3-806b-4eea-9a9a-52354af47575,75,,2023-08-22 16:00,Enterprise,1
e8cc5b5b-fec6-4821-88a9-d0fc0cd07870,20,47766,2023-05-14 16:00,Basic,0
825518a9-dac4-476a-b885-b38b69a0cc0a,26,71933,2023-07-11 13:00,Enterprise,0
60792f6c-b0ce-4df5-9974-31136812c85d,42,35699,2023-01-17 22:00,Enterprise,1
88ae6245-d76a-4de0-b3f2-0bc0f2b99e93,51,40503,2023-03-10 23:00,Basic,1
6f2e8437-6218-4597-81cd-e8b26987c312,57,79868,2023-04-22 15:00,Basic,0
55911182-828e-4b54-b7aa-36bb494f0e78,31,42672,2023-04-18 09:00,Pro,1
3e7ec343-10f2-4917-9f92-ed3821e501bd,31,24607,2023-12-21 16:00,Pro,1
859e0f85-da9f-44cc-93e6-93d7d17e3101,40,24954,2023-10-11 14:00,Pro,1
606d1fbd-90e8-4055-9d6c-7ade6b7291dc,73,51171,2023-10-20 06:00,Basic,1
71562bb0-0ab9-4bd5-8f97-7e64a23f6f76,999,47792,2023-03-27 18:00,Basic,1
b7893265-e910-4944-959b-639fa7f2de5d,,113934,2023-05-07 13:00,Unknown,0
efcf97d6-2fbf-45f4-9d79-10b817128e1f,55,60009,2023-10-02 12:00,Basic,0
0d830302-92ac-46d4-9424-5a895a778b7a,999,55236,2023-09-05 23:00,Enterprise,1
73e88527-a4c7-492c-ae12-79355e9672bd,65,31164,2023-07-06 21:00,Pro,1
beb6b2d1-d141-4d12-8783-58623917c06f,25,41766,2023-08-09 12:00,Basic,1
7a985a18-3f64-46d4-89f1-84b99816b85b,64,,2023-02-15 07:00,Pro,1
b372d5b2-089a-4d65-8019-0f1ea4ef55fa,31,37750,2023-08-12 21:00,Enterprise,1
85e30046-813c-4ebd-b6c3-8840ba656b3d,55,45644,2023-01-22 15:00,Basic,1
17600116-68ae-4d6d-92ad-1e67cf2a2e70,54,50863,2023-01-11 23:00,Pro,0
49c87af6-d903-4ec2-9eda-21e998d4191d,54,38394,,Enterprise,1
ad980397-710a-4f7e-b2cb-70917618f792,54,103755,2023-04-09 22:00,Basic,0
3e08e88c-76d1-44da-ba50-11c84252b092,58,107725,2023-03-27 02:00,Enterprise,0
3fde4b31-ed19-4734-901d-efb2039319d0,54,40861,2023-01-01 22:00,Pro,1
268d1f82-3a44-4cbf-9623-ac2fdec9b67b,,75157,2023-07-07 17:00,Pro,0
7612cc23-2514-4a52-a9ef-60de4d509986,47,34611,2023-05-09 21:00,Pro,1
16c50c4d-95a8-4aa4-a65f-c70c8653eac3,32,66184,2023-03-08 12:00,Enterprise,0
b17143ba-140f-4949-b7e5-86c43094a422,60,86339,2023-03-19 16:00,Unknown,0
07c1dc3f-2fa8-4048-b030-4be71b34a672,51,,2023-06-10 08:00,Enterprise,0
cb1a99f5-bd51-4dd9-a1d8-8d99aa6a0c07,,32582,2023-01-11 11:00,Pro,1
689d3a39-b3c5-4e1a-a65e-ed544ade8532,64,,2023-07-07 10:00,Enterprise,1
a1763a55-25bd-4bf8-a7d0-7b720f6e2038,36,,2023-07-16 18:00,Basic,1
18c6db76-d37c-4c58-9d4b-8c8afd295092,44,46465,2023-06-19 15:00,Enterprise,1
6c852036-c89f-4d4e-b53b-988dd49663d9,70,35278,2023-07-19 03:00,Basic,1
8ab1110f-f04a-4202-9b46-ba7a3b1301cb,64,92953,2023-08-21 02:00,Basic,0
d2825127-e8fe-4220-9333-18ef1f594fe6,26,77585,2023-09-24 18:00,Pro,0
85120e6c-4ad6-4d63-aa0c-9d67d91533e6,51,26902,2023-01-09 23:00,Enterprise,1
8f9e448e-b35b-43b5-a356-9955fe423acd,37,52778,2023-03-06 05:00,Basic,1
e6941601-c4e8-4d46-be86-8df92568c50d,55,,2023-01-27 07:00,Basic,0
87e72d88-8260-4c52-a633-c24a751a1b9c,27,53672,2023-11-27 00:00,Pro,1
179b244f-316f-4e22-82a0-3bdbeb6e8187,29,42658,2023-06-03 11:00,Pro,1
bfe14f88-52e9-442b-99d6-f77b01804d46,37,45014,2023-05-11 10:00,Enterprise,1
f1d82494-c8cf-445e-8c84-f18f4279ccc5,20,67368,2023-12-10 16:00,Basic,0
4448cd4b-001e-4c40-99a4-21e9c27fab51,41,33867,2023-03-23 02:00,Enterprise,1
83e4b9bb-7cbd-4fc8-b9ee-8840ccd286f3,53,50328,2023-12-07 08:00,Pro,1
5b6a60e8-d7ba-461a-a8b8-21115fcd32ba,75,42232,2023-02-06 03:00,Enterprise,1
20adca35-780e-4f23-8b81-2594b477e059,,49219,2023-12-05 14:00,Pro,0
6a62255e-b1d3-46a9-b128-cbb586f1d1be,50,103016,2023-11-01 18:00,Pro,0
56c6bfcf-3447-457c-a371-d3b369c855dc,20,42113,2023-01-26 08:00,Enterprise,1
817f167a-8b8c-45d9-ac87-9c76c2434671,999,64781,2023-04-17 07:00,Enterprise,0
be224810-5217-4971-8ea4-6f71a39dc90b,39,48132,2023-02-26 16:00,Pro,1
8fad2d40-ee21-4c76-b152-ecea63da2601,47,44319,2023-03-14 13:00,Basic,1
f38d83ba-3bc3-4fdb-a8c8-a00fcce7a91c,18,,2023-11-07 14:00,Enterprise,0
fe694598-cb9d-4175-b000-f68884ce1d68,41,56199,2023-10-19 11:00,Pro,1
39ddeac8-1441-41e6-9506-0d133c065944,24,47735,2023-05-06 17:00,Enterprise,1
de8e4ca0-7bda-4b9c-82a6-649a49f65817,68,42614,2023-11-18 11:00,Pro,1
e3eb1533-77a9-4a91-b07a-309e5a8807c8,43,37913,2023-09-28 09:00,Basic,1
34f772a7-b4db-4a2a-8424-0c90f04d8344,48,118299,2023-10-09 18:00,Basic,0
abad11fb-a614-4cf2-acaf-97d34c94dca5,56,37990,2023-07-24 08:00,Enterprise,1
4207ac63-95dc-4976-8d89-892199c584fb,41,,2023-08-09 05:00,Basic,1
a7eec84e-fffd-409a-9f8b-65ce5a7cca81,999,41457,2023-03-10 07:00,Basic,1
7d8ea239-779c-4c70-b295-68c59d09a41b,69,54671,2023-03-23 02:00,Basic,1
5fffbbef-281d-4b55-a6ac-776ec0b63e23,33,,2023-09-19 06:00,Unknown,1
33147c7f-05f2-4d90-8287-b5f678f905ec,63,56025,2023-01-16 17:00,Pro,1
ab783aae-7ef6-417b-a938-7a8b05b54616,42,21266,2023-01-02 14:00,Basic,1
a432bd4f-37f0-4dd1-9b82-4dcc7ad6b41c,53,46742,2023-05-19 18:00,Unknown,0
6279f534-f69f-44db-a1c6-d857f775f6b3,72,85043,2023-08-28 01:00,Enterprise,0
88d6e4f2-74ea-4cf9-b138-b4a5b6cc0edc,64,57623,2023-12-17 00:00,,0
6ec6548c-797d-4217-92ee-ee22e517a800,20,57349,2023-07-27 00:00,,1
7bd5c9af-35f3-4def-9ac4-14d71aa77a69,27,62782,2023-09-10 03:00,Enterprise,0
8bc48a09-d8d8-4fa6-92ca-ed44eaf81d61,20,28441,2023-10-14 02:00,,1
dee99a0d-df0f-48f1-bdb8-034afee7baf7,26,54399,2023-12-08 23:00,Basic,1
8f3b4051-5e99-4c60-a655-b691e2361751,37,25996,2023-06-08 11:00,Pro,1
657ee975-f683-469c-bc80-5214e67667dd,36,69370,2023-05-20 16:00,Basic,0
f4e3fd25-dc9c-44ea-9c16-512efdf519bf,,34063,2023-10-07 19:00,Pro,1
b7d2ee10-4281-4b72-b3ea-024e540591e4,43,30869,2023-01-24 03:00,Basic,1
6dd15ca4-fa9e-4fb5-b9a0-ea8715c7f0c6,52,42025,2023-10-23 00:00,Pro,1
15cb8d1f-7e71-4a4f-9c1e-f0da5ad80ba9,46,71657,2023-09-07 06:00,Pro,0
f6136bad-a90c-4278-9d07-b57a5d71897d,26,45575,2023-11-16 12:00,,1
3e51feb0-0315-46d7-9af3-39112ac78876,,43754,2023-03-17 11:00,Enterprise,1
ee505756-e718-464e-8839-fb392e60e68d,32,72942,2023-12-18 08:00,Enterprise,0
bb8d0d5c-c09e-44ca-812a-07b7d46a9b29,58,43840,2023-02-01 03:00,Pro,1
3c37d23d-f1f3-4b29-a6cc-0da0efa5a79e,46,25880,2023-05-12 09:00,Pro,1
b19e13b1-8e89-4966-ad31-beaec7357c37,58,49300,,Basic,1
07a95bfe-249c-45c3-9887-1e676ababfd7,35,109241,2023-04-06 22:00,Pro,0
2a9216ee-6f29-4a24-8822-a7882ae28ecc,31,,2023-07-03 03:00,Basic,0
61b7bae5-9d8b-4ddc-8ac4-e3a8c6cc0551,67,61252,2023-04-20 13:00,Unknown,0
dfda2906-de7c-4e52-be98-47a3e19016bf,45,,2023-05-16 06:00,Pro,0
ba020493-0f33-48d2-9695-d8328d4e2821,73,40781,2023-02-08 11:00,Pro,1
404960a9-f8a4-440f-93e7-9213e3ced741,53,54000,2023-09-19 05:00,Pro,1
5e3f4da4-eb67-443e-80bd-127b8fab88f0,52,,2023-05-26 03:00,Pro,1
cb22c2e0-3ff0-4b06-9039-3fa3933ff214,19,51307,2023-04-24 13:00,Enterprise,1
94911f05-4665-444f-8f18-87a7fcbd6ed2,49,27458,2023-02-18 05:00,Pro,1
0a31e60e-4f77-4f40-9ab7-788b1556a82d,43,,2023-04-06 13:00,Basic,1
44fc99a9-b2d2-4757-a0ec-08fee00ebe4e,,25869,2023-05-12 01:00,Pro,1
a11e9489-b0c1-40b1-914b-c3d1965d318f,38,59078,2023-07-05 21:00,Enterprise,1
cdfc0e63-4835-4912-8422-556c3588e1ba,57,43045,2023-03-08 10:00,Basic,0
8c0301cd-20f8-4659-a20f-a249b59bc6ee,49,63630,2023-01-25 08:00,Basic,0
57fe27a9-1259-4e27-9a9a-2e346925dfd4,49,47430,2023-10-20 09:00,Pro,1
dc880d5d-a9ab-4174-b7b3-4ed735c5dd42,67,90063,2023-05-16 19:00,Basic,0
8ee5bd0d-fad0-4bf2-b00b-45f1fc492cc7,47,84166,2023-02-16 11:00,Pro,0
fbe625bd-d2a2-4ff1-8fe7-38feacc67445,28,48480,2023-04-11 02:00,Basic,0
238c2942-355a-4168-a36f-e036f81b35b1,24,92715,2023-07-08 19:00,Unknown,0
7a96b426-602d-4038-b217-a6eacff18ac9,43,23845,2023-02-07 14:00,Unknown,1
c1970bd9-bda0-42fd-bd1b-56da76c96ce7,52,58204,2023-03-25 00:00,Enterprise,0
efdd3757-47f2-4ae3-8174-2e4ebd28b7f9,71,,2023-05-05 23:00,Pro,1
6139a878-21cd-48ba-b34a-4de2a90b0143,55,50402,2023-01-16 14:00,Pro,1
4f9a12fe-f989-4d04-abcc-30b4892370da,27,75503,2023-08-14 15:00,Basic,0
067a1153-29f7-4c8c-9b5f-50b3a8d105f7,23,71604,2023-04-23 18:00,Pro,0
5a9aaf2a-a3da-435c-a108-e32627732b1b,71,22848,2023-04-11 06:00,Enterprise,1
669566e4-f00f-4d9c-b853-daa258c24f1a,50,23305,2023-07-19 23:00,Basic,1
c386776c-c39a-4d2b-90fe-0647dd3eb838,62,33212,2023-08-25 04:00,Basic,1
f29ca29f-a435-4f67-8085-ad0ab2af8de4,32,,2023-11-24 04:00,Basic,1
936027d8-e2b6-4e59-91e0-bc1638ba3887,65,39229,2023-07-04 21:00,Enterprise,1
6a6aadc4-0550-40e9-bf54-a5567c6469b6,65,77480,2023-06-03 16:00,Pro,0
f31b482c-c765-47b3-b02d-49f1c09e7a1a,23,52270,,Enterprise,1
268fcf70-5352-4ddc-9758-ea072d29a4c7,42,64805,2023-07-14 06:00,Pro,0
f11d05f3-6ee3-48e6-9cd5-d399c71ddddf,51,44673,2023-12-28 00:00,Enterprise,0
40ef78c6-f4ae-4690-b4ad-376f7238bebe,59,111390,2023-08-15 17:00,Unknown,0
9f442ede-e6e0-4378-a2a1-c4ef531663fe,54,81100,2023-12-27 22:00,Pro,0
559b2ecc-8c4e-43f2-92eb-4d928d7d4c6e,26,100656,2023-12-07 11:00,Basic,0
bc3b23c5-366a-413d-a0db-6cc075b05cf2,54,75742,2023-02-26 00:00,Basic,0
1115d939-da63-4d1a-b374-02ff45c90205,26,59404,2023-02-08 11:00,Unknown,0
230a333f-a8a5-460d-a4e4-270a9c859cf3,71,28345,2023-04-25 17:00,Enterprise,1
b373f7da-e397-4dc9-9c2f-fa962b868e37,31,110246,2023-11-01 07:00,Enterprise,0
d73c0ced-6da1-4ee2-8e4a-a525153eaa44,31,50294,2023-03-27 08:00,Basic,1
9fd68ecf-c794-4346-aeab-3fb39fba0c3d,999,42832,2023-02-14 15:00,Pro,0
fcbe984e-88d3-4a70-9522-5a31dba0700e,42,46008,2023-07-16 09:00,Basic,0
e2420462-9938-4186-807a-59b9b83d1806,999,43865,2023-05-21 16:00,Enterprise,1
82d3f798-3daf-4a3d-ba6c-5068cfde4c99,61,55085,2023-03-09 03:00,Basic,1
7b603720-0724-40b0-9753-74acc9f7698f,30,62461,2023-12-17 01:00,Basic,0
af23b0ab-a8eb-44a3-9756-f5abb9b77a04,37,31331,2023-06-18 08:00,Enterprise,1
f9fe471b-8498-4011-9bd3-41336e8d8c4c,53,59713,2023-06-27 16:00,Pro,0
7e9059b2-ef9e-42fa-8dd4-9d79082708dd,38,,2023-06-05 00:00,Enterprise,0
4337e43e-41b8-48e3-baab-15de0a5cfd47,58,23919,2023-09-18 21:00,Pro,1
47005cb2-5446-4a17-ba29-f8a08f8c0b3c,71,,2023-11-15 01:00,Basic,1
5d156f04-c6e5-4cbf-aeb3-6243b060ab47,31,32150,2023-05-18 11:00,Pro,1
bbee768e-4b3b-447b-b085-e6f1b043cdd8,22,42981,2023-08-07 07:00,,0
b3f9bdcc-7b32-4063-ab24-f5eedaee9784,23,58962,2023-11-09 06:00,Enterprise,1
8e062173-2b83-4d2f-bf94-168919fe7d44,25,,2023-03-22 23:00,Enterprise,0
549cd475-6357-4f70-b7da-54ec50d1a237,29,45977,2023-09-22 03:00,Basic,1
b22a3cd1-d66f-4abd-93cd-dee7d63382fc,52,84289,2023-02-10 01:00,Enterprise,0
cb5d879e-30cb-4e88-bd9e-0c8dd9a8c9bc,72,113870,2023-06-21 23:00,Pro,0
4b507097-ee70-46db-99eb-b4446794bd85,20,56252,2023-08-13 05:00,Basic,1
5ee3f114-77ec-4bdc-a8fb-444e46b29a51,49,44194,2023-04-03 21:00,Basic,0
007e6816-a08e-44a1-9188-dcdcd233830d,54,40811,2023-06-03 10:00,Enterprise,1
e97d5003-305b-4443-b16c-c63ff8e829e7,40,55519,2023-10-17 00:00,Basic,1
4ada408e-adde-445c-b9c6-a78896d4924f,40,40564,2023-02-19 23:00,Basic,1
1938fe08-f751-4e08-9b28-ef4354565de2,62,54482,2023-12-01 10:00,Pro,1
e10a7a5b-a254-4be8-a9b2-57ee7d38048a,28,105938,2023-01-07 08:00,Pro,0
df90fa46-c0b2-4e3a-a38b-db192676c902,68,48305,2023-12-06 22:00,,1
1ad66bc1-f42a-4018-a8c8-18d5b6bceab8,49,21409,2023-05-28 20:00,Basic,1
1edf0ad5-4ca6-4263-9426-2b2a24f86488,36,27367,2023-06-10 21:00,,1
8727c754-3b0b-47eb-97ab-3ead9116d1ab,49,,2023-04-07 17:00,Pro,0
8001950b-deba-472e-94b6-6e347290e1fb,66,23186,2023-06-06 05:00,Basic,1
ff96344f-8e6f-45a5-9f1d-4f6f86a71ac8,68,,2023-01-03 04:00,Enterprise,0
7a7e6804-54e7-4827-9084-c8672d7b5344,44,48786,2023-07-01 16:00,Pro,1
9559473b-2198-455f-ba75-90731464acb2,26,51720,2023-02-25 21:00,Enterprise,0
13901cb8-9b39-4150-aca6-1490faba6dcb,,81576,2023-09-20 19:00,Pro,0
8e54bf0d-6450-4004-84b9-18feeab9f6bc,73,59120,2023-09-01 23:00,Enterprise,1
fc14220d-e171-4ec0-9a16-8a72fbcd7a20,37,53159,2023-10-26 05:00,Pro,1
f6bb909c-3f2c-4bee-a921-f5fa376aea39,20,49645,2023-07-05 03:00,Enterprise,1
b58c0f7f-0396-455e-b47c-b7c1e77d1031,54,49761,2023-06-10 18:00,Pro,0
9bf14613-e2c9-4b8e-80fc-7fb87380cafb,28,67177,2023-07-01 13:00,Pro,0
8b37819f-bef4-4e29-8956-0b2ce3cbbcf6,47,44342,2023-04-05 09:00,Enterprise,0
ac322e8c-1fce-4b8e-9e53-d59e8bc22034,999,35033,2023-02-15 01:00,Enterprise,1
46c09cce-6ce0-4ad8-a64e-9ee8262316af,37,38728,2023-12-06 08:00,Basic,1
3e291bff-b391-4b18-8e47-e067eb3acee0,48,,2023-10-19 11:00,Pro,0
c7455a03-ed6b-454f-a1a3-58e447c40f69,,110138,2023-10-10 07:00,Enterprise,0
91bd2e4b-a37c-4e72-8120-55197fefe320,34,72281,2023-04-18 15:00,Basic,0
fbb1cecc-8123-4018-adc8-c91a750d5b63,66,67328,2023-12-27 12:00,Pro,0
54018408-727e-448e-a560-8ecfb4927dd2,38,45099,2023-07-11 10:00,Enterprise,1
e6f167bb-4b0f-4299-ab82-015b724596ed,,119219,2023-10-16 08:00,Basic,0
c9d0e991-eca7-4983-8815-0646df8329e4,49,57531,2023-01-16 17:00,Pro,1
ce64760e-5fd6-46d8-b9ed-73b53a9d0209,41,,2023-02-21 13:00,Pro,0
1dc7f97d-75c8-4f7f-bc92-15246dba2754,70,103557,2023-02-08 14:00,Enterprise,0
c062cc7d-e7ad-4451-a1bf-709b41fa63ce,40,42416,2023-08-22 00:00,Enterprise,0
f868c420-6d97-47ca-80e4-cc72bb9d1361,38,,2023-07-12 14:00,,0
74927ce1-284a-40f2-bf91-c36d19866ee6,,30475,2023-06-08 09:00,,1
4ff633b1-14f1-4474-bc03-785a1abc3b4c,37,60612,2023-07-15 10:00,Enterprise,0
4e3756ed-c33c-44a9-8df9-7156213e3f82,69,,2023-11-22 00:00,Pro,1
5c82b161-1a78-4caa-98e9-1dafd6a76da5,,54610,2023-01-02 15:00,Basic,1
778ef04b-7e70-43af-9fe3-cd2ac9878839,999,102108,2023-07-12 16:00,Pro,0
bb067ae0-95f4-4e59-8828-8823d4f6849c,68,42316,2023-12-28 10:00,Basic,1
eef17ccd-9211-4afa-a10c-0843f90e2e3f,999,28001,2023-02-07 01:00,Unknown,1
d1f396c5-e4d3-464c-a67c-da2da11dc8ed,,,2023-07-23 09:00,Pro,1
99eb66de-8fec-455a-a0ad-11facf63042a,64,22177,2023-02-12 03:00,Basic,1
7e3ea5cd-5608-4036-aa1b-31fb746a7723,63,56403,2023-08-06 09:00,Enterprise,1
2570d519-4e8a-4996-927f-49a7d3531b65,46,58732,2023-08-18 02:00,Pro,0
b2f9b1d8-92c0-4fa3-b1f4-55d5c7c6bbc5,59,53687,2023-06-03 00:00,Basic,1
21d8eecd-0ed4-4ef1-b811-0d1e8b90d8d4,64,70262,2023-03-20 22:00,Enterprise,0
ce5f32e6-2937-4b81-bdd3-0e9a470c34bb,59,44587,2023-10-25 11:00,Enterprise,0
4f1b1a77-cbaf-44c1-ba1a-faa10b32b8c5,73,71559,2023-03-04 09:00,Pro,0
85d8a66e-e620-4418-8ad7-d839c9c8db6e,57,37770,2023-12-01 06:00,Enterprise,1
a7a21763-d0a0-4209-ad87-9d010762eb5d,20,38483,2023-02-23 02:00,Pro,1
5829c8e2-2778-49b9-88ff-17959d8cb236,43,82706,2023-01-12 03:00,Enterprise,0
6e4c442c-04ee-411c-b655-f0e1d62f3fbf,55,89248,2023-08-15 17:00,Pro,0
d2b3391f-1bb5-482f-98fd-957ff908641c,999,,2023-05-13 22:00,Enterprise,0
76e179c8-6ba8-4b30-a578-dcb112c44731,56,47031,2023-04-19 06:00,Enterprise,1
adce3fdc-da97-422b-b73e-7682190eadf3,,44834,2023-06-17 08:00,,1
f8b90ebf-0ec8-4e02-a60a-e5bac0d59659,60,48373,2023-02-09 21:00,Basic,1
04dff2e2-dd49-4c8a-a4d2-ff173338bcd2,41,29924,2023-12-18 14:00,Pro,1
38e0bc97-3e52-4cd3-b993-c7597e2b75e4,44,109416,2023-11-15 08:00,Pro,0
342ba9a8-9c15-4772-9e2d-9af14a6a3d30,49,27531,2023-03-01 16:00,Basic,1
78f736d3-1b3f-47a2-86ba-3a68057e9033,999,21390,2023-06-18 00:00,Pro,1
d7bd2848-9b8c-4dd1-8a3d-c256f0738017,34,40265,2023-07-06 13:00,Enterprise,0
1a33b9a0-4b77-45d9-9759-205b2d5b6eb0,58,,2023-10-04 05:00,Unknown,0
0295739c-2b4d-4dde-bdb2-495e6f177ebf,69,,2023-10-09 15:00,Basic,1
88a778f0-b57e-41be-9b5a-c2977aa14a1f,73,,2023-06-13 17:00,Unknown,1
5d4ba01d-be11-49cc-a943-7aa90858c3ae,50,59510,2023-12-15 22:00,Unknown,1
9bf5b445-6dbd-4739-8c08-607c601e5f54,24,54964,2023-02-28 20:00,Enterprise,1
71f547d5-456f-4a97-a182-2580dcab4f2d,999,20062,2023-02-03 18:00,Basic,1
8c9a2bee-05d1-4952-9339-1ceb62947dc9,58,44278,2023-10-19 02:00,Pro,1
aab34561-ecf8-4e76-8c30-724efd9f2ae1,60,59052,2023-02-27 07:00,Pro,0
3b82c25c-aa8b-4044-a6ea-f1816d2722d0,51,70227,2023-06-12 07:00,Basic,0
b44646a0-83dc-40da-8768-a0e62b414212,25,115944,2023-11-03 05:00,Enterprise,0
030b3ae1-7b81-4505-8aa5-294c687d1654,60,100579,2023-07-01 21:00,Enterprise,0
1175884b-6901-425d-a457-3395fcb647b9,29,71959,2023-11-07 08:00,Basic,0
c4ef8348-d311-4c73-8b49-7d31b9a39580,41,32121,2023-10-17 13:00,Enterprise,1
5b8063a0-1d00-4e58-8099-5a11b4d794d9,63,65176,2023-05-09 13:00,Pro,0
5224bd74-b127-431d-b757-9d41d369ab3b,62,58472,2023-02-24 23:00,Basic,1
327b2199-178e-4370-a978-4ec11309809e,29,29001,2023-12-23 14:00,Basic,1
5ebc6bd1-66a5-4fb4-baaf-e87b4972902b,61,42708,2023-05-16 15:00,Pro,1
0627647a-8e5b-43e4-b08f-92450b78f278,52,108632,,Pro,0
307f7024-ef34-485e-a7d1-e95fa67e2664,37,26107,2023-05-15 00:00,Pro,1
e6493a86-fba9-4199-8467-affc41a371f7,,45048,2023-12-02 10:00,Enterprise,1
de5e005d-7099-4d0c-8f36-61869b0df948,,50059,2023-08-18 00:00,Basic,1
6c86cfd3-b78e-43a7-8600-d582f28d7dac,999,57081,2023-02-16 19:00,Basic,0
345233ce-d328-4e36-9ce7-24adf79915df,55,49055,2023-04-06 14:00,Pro,0
f1fce0dc-aeb3-4ccf-8f81-22809f1c879e,41,106299,2023-01-21 06:00,Unknown,0
d11a4937-18f8-4dd0-998f-e53c085c8101,54,62653,2023-03-25 02:00,Enterprise,0
23724020-afbe-42b7-98bb-a335a67250f6,37,22464,2023-08-07 20:00,Pro,1
a33aa925-1af6-4087-aa50-f69fc4b19a0c,23,50014,2023-05-22 15:00,Pro,1
c3d986c0-fc63-4d62-b6b5-4cde43b2b552,36,102131,2023-10-13 11:00,Enterprise,0
53258954-f64a-4f67-9573-be8e9dfc6b2a,71,36270,2023-11-16 16:00,Basic,1
091c53f0-d5f4-4937-8a4f-2f3a97aeedd3,54,63621,2023-05-21 09:00,Enterprise,0
19f8cbe5-cbc1-4ff5-8a78-dc10c8ced906,26,48326,2023-07-11 02:00,Basic,1
389a89f0-d94f-4006-b5d4-90ccd7636328,35,98627,2023-09-06 18:00,Pro,0
ff34bbbf-c536-4592-9f93-77ebbcd13811,57,35913,2023-09-10 07:00,Basic,1
9e18ab4a-6e9b-4d13-9a96-ec3dd36a351a,73,50074,2023-09-19 15:00,Enterprise,1
a5823cbe-1bd1-4408-a0ad-8b85fe91a05c,24,53839,2023-06-15 08:00,Enterprise,0
bfb9c557-e791-4f67-88fd-82246ca5c15a,56,33971,2023-09-07 03:00,,1
28a72761-edc9-4c65-9b46-ebb26e9b2478,41,97711,2023-10-05 22:00,Pro,0
fab5bfeb-389c-4a60-87c3-467ad29fc73a,28,42036,2023-03-22 01:00,Basic,1
42526300-d4c9-4782-87d5-bcdab16afe59,73,50614,,Basic,1
a9db7a08-a2a9-468f-aa3b-73bb499792a1,74,86586,2023-03-04 21:00,Pro,0
546c047c-d0ee-4656-9813-6d01746c8ed0,58,,,Unknown,0
862e4e24-9b93-400a-9162-4df5c7006d35,33,38925,2023-05-16 06:00,Basic,1
2488a788-40f6-45ef-b61f-e7019ce6afd0,999,,2023-08-18 12:00,Enterprise,0
adffa6d6-505c-49ff-b0c1-85449b9ebbb8,60,57124,2023-10-20 01:00,Basic,0
779b15fa-e439-4cf0-a131-1eea68da12fd,,56201,2023-07-15 22:00,Pro,1
3158112e-a402-42f2-a060-a7eb3e284c5f,21,111112,2023-01-22 04:00,Enterprise,0
eb5825d4-b9f5-4d89-95ee-d285482fd009,62,,2023-05-20 05:00,Pro,0
c14aa9ec-ccfb-49a2-8599-595fdf376a13,37,26309,2023-06-20 16:00,Unknown,1
043df191-afa8-4698-b3c7-a0cb77df401e,38,58050,2023-12-04 07:00,Pro,1
536569be-296a-43b4-87f2-76284521ce97,999,31964,2023-05-13 21:00,Basic,1
0cc7450a-3e60-4898-9b53-12ae8a01bc97,57,53889,2023-05-19 17:00,Unknown,1
2b657740-a13a-4a57-947c-56bdc6101044,69,43298,2023-03-12 21:00,Pro,1
e1229803-df6d-445b-ab7c-31fd7d9c4195,31,59222,2023-11-05 15:00,Basic,0
8764cf9c-5935-4714-84f5-a29428898f12,64,67356,2023-05-14 17:00,Pro,0
1c9d9219-7a8a-4056-94dd-cde777e69176,59,53452,2023-07-25 01:00,Enterprise,1
8bc2a809-63a1-487d-b4f6-b962075f903a,19,104664,2023-10-26 21:00,Enterprise,0
be76ed71-1245-4361-abaa-604074f44fcf,50,106023,2023-11-23 00:00,Basic,0
fc3334d8-765d-4cf0-9a44-b4a04ade8d5c,57,32939,2023-11-06 14:00,Unknown,1
0e9b127e-2d20-403b-95cf-6d27460ceb69,25,57290,2023-04-08 01:00,Basic,0
9b602adc-e5b4-4eb9-a711-dd951495161b,70,28804,2023-12-20 18:00,Enterprise,1
5f7c5903-f80f-4d65-84a7-0fc860f65bc3,59,37478,2023-04-02 19:00,Basic,1
8620821c-13b4-47f8-aca8-d3468dbd3646,59,112422,2023-12-15 05:00,Enterprise,0
53c17d0e-b301-4f84-9f1a-452512be78ba,22,48159,2023-05-27 10:00,Unknown,1
2771cdfb-5693-4b0f-8ea8-ddc5ab506404,59,79042,2023-07-13 07:00,Enterprise,0
1a250dc7-02ea-4ca0-bfac-ec01d2db1d75,60,54303,2023-06-16 19:00,Enterprise,0
184d1261-e34d-4655-8f6e-5c3007c3b65c,18,107221,2023-10-05 08:00,Basic,0
8e6501b4-e5e1-4fed-b719-5af1b2fe3360,,37768,2023-03-14 12:00,Pro,1
4808e949-c501-429d-aab7-e718336d9adb,38,27470,2023-07-05 05:00,Enterprise,1
f150cd4e-2d75-48c5-894c-3eda9aefdb5f,49,84766,2023-07-23 13:00,Enterprise,0
52d276d6-8452-47c0-990c-164141371a78,73,37209,2023-04-21 08:00,Enterprise,1
627c2d54-f718-403b-aea0-cc7388d600cf,58,45266,2023-08-11 06:00,Enterprise,1
13d155ef-837b-44d0-9f7c-18e3def468b1,999,55792,2023-08-26 05:00,Basic,1
8e057b41-5ed5-4a14-998d-225e16527d80,52,71248,2023-03-19 19:00,Enterprise,0
3a23392b-6fcb-4609-a3c7-fa257c2c1276,18,74253,2023-08-08 14:00,Enterprise,0
1b749ee7-4db7-4521-8be7-8719d17a99c2,32,44438,2023-02-16 06:00,Enterprise,1
cd7a2708-fcb6-4f11-916f-c8dfea053c84,42,104855,2023-05-17 14:00,Enterprise,0
438ed317-7e23-4605-902b-d33f66fae62a,27,,2023-11-27 07:00,Pro,1
5e17fdd8-b4fa-42e9-b7ac-da14f63f09ab,28,41651,2023-11-26 06:00,,1
ca5195f8-e7e3-4527-a1b9-c8d6c04e3cc9,38,65733,2023-12-12 00:00,Basic,0
5c37b907-0339-4631-afba-e514b040e412,54,27260,2023-03-27 04:00,Enterprise,1
c12e3e60-d006-47bd-bce3-fbc51dbb5cb6,42,68885,2023-07-07 09:00,Enterprise,0
ea4bc4eb-f5b1-4440-8173-36f33f195a77,71,51136,2023-01-18 22:00,Enterprise,1
5a06e241-a683-4c9a-bc67-2c144eef0e65,69,69126,2023-11-07 01:00,Basic,0
2608e064-95d3-416e-b7ff-55c050691af5,999,112850,2023-01-14 08:00,Unknown,0
15c7c7cc-834a-4e5b-8e08-5ca8963b73e6,29,,2023-02-03 20:00,Enterprise,0
aff6c139-183f-4d40-9df0-afa820347265,40,64923,2023-08-04 21:00,Pro,0
8dc76068-77cf-4ff4-998a-e19b345c577c,46,21155,2023-10-01 13:00,Basic,1
aeb8942a-cc6e-47a7-af3e-1b8904d5c229,56,73651,2023-08-06 02:00,Unknown,0
30c975c3-c131-414b-8b4b-aa2ed7b985bd,33,,2023-03-25 03:00,Enterprise,1
e96e3bbb-cc6c-4c50-9375-28f27607536d,18,54129,2023-11-16 05:00,Enterprise,1
556cb2c5-4e8a-4998-8073-8beb0f27e228,69,35068,2023-09-21 18:00,Pro,1
e3fad546-2601-429a-a8fc-4315cb7e6734,64,,2023-08-21 20:00,Pro,0
3bfea600-edd2-420a-b587-a296014bd169,31,54802,2023-12-20 21:00,Pro,1
19dcdfe4-5cad-409b-944f-51cedf324644,21,53121,2023-03-28 06:00,Enterprise,0
2e2dc787-32ae-45a2-b953-cc9380f071b0,72,41494,2023-07-18 01:00,Pro,0
3afd9484-a15c-4612-8bb5-d9e1314412f9,30,26406,2023-10-09 12:00,Pro,1
39f70570-dd26-43d9-8996-b3549cbcea81,57,44975,2023-01-12 13:00,Pro,0
d36b7da7-4133-4937-9edb-e1c4afbe4e4c,65,117005,2023-03-02 16:00,Pro,0
8d2f68cf-8cfa-4e4c-a969-6f8277a06472,29,20838,2023-08-22 22:00,Enterprise,1
7b4c9adb-bd89-4946-ad55-532a9b862056,27,35974,2023-12-22 22:00,Enterprise,1
ea4eca87-347b-472d-8786-9cf7808bec93,57,102696,2023-11-02 08:00,Basic,0
1eb589e2-d515-4cef-b153-0185a2c2e85d,43,44214,2023-12-15 04:00,Basic,0
99c96e79-2347-4913-8fc7-268055904a09,35,93094,2023-05-28 11:00,Enterprise,0
78605a14-a4cf-49f6-b111-08711a15a4e3,50,20375,2023-05-11 18:00,Pro,1
e9349c6c-1486-45ba-8173-b7fe99f0c3ab,53,79167,2023-12-24 10:00,Enterprise,0
2dca5637-e6ad-49f9-b32d-be3c96473dc1,58,44152,2023-07-14 16:00,Pro,1
ddeb7829-aba8-4f0e-bd18-d33d8608c428,999,,2023-05-01 04:00,Pro,1
703cb7a1-668b-4a6e-bb8f-13634cfe8c8f,,35179,2023-11-12 00:00,Enterprise,1
b71dfc9e-af22-4bac-98e1-16c774f2f8e1,999,45228,,Basic,1
9ff1bce0-f885-4e0f-87da-ba21acff6651,71,82450,2023-11-03 14:00,Basic,0
886877a6-24a5-484d-a90c-c5b698aff189,18,78449,2023-04-01 00:00,Pro,0
a4ecf5ed-b75f-4c24-8174-d7557e7bac31,31,31786,2023-11-18 03:00,Enterprise,1
103e2450-8e19-4ffe-948b-9093e3f6a914,74,52074,2023-12-15 18:00,Basic,1
6f6b87d5-7802-48da-9383-2e7d213a3a89,71,46244,2023-05-17 16:00,Pro,0
6f574283-6f26-4434-9b26-bdf27076e131,67,53380,2023-07-21 13:00,Basic,1
0bb4099a-029b-406b-a2de-6d2bf3b74313,68,100914,2023-07-24 16:00,Enterprise,0
dfb8883a-ae41-4ae0-8417-74eefcf09031,70,73297,,Enterprise,0
52a9cceb-9063-4a4e-9d86-9b092e5b88fc,66,,2023-09-14 22:00,Enterprise,0
cfe46c9f-f5f0-4ebc-8e1a-246f0c0e2c32,60,22701,2023-09-02 23:00,Pro,1
ba0c326c-e84d-44b0-ba06-b575bbf99520,32,42444,2023-01-20 00:00,Pro,1
ebb58570-94a6-4bf3-aeae-d8375bc1d49d,19,52006,2023-10-13 09:00,Pro,1
b12d3f6c-d2a6-47cf-9c68-b3a1601ab934,37,38360,2023-09-24 09:00,Pro,1
53f20ffc-9dab-4c1c-84f7-3f777672d445,60,94074,2023-03-19 18:00,Basic,0
4694c6d1-1b67-40f6-8f6a-cecbffc5c835,66,43077,2023-03-01 12:00,Enterprise,1
441acdb5-35d5-467c-adae-189e8e294407,34,,2023-06-07 03:00,Basic,0
f03c73e5-4a40-4513-a845-69c5efe406c0,35,47191,2023-10-24 21:00,Pro,1
6c7cb936-0723-4bdc-8798-b46648e7bc6e,27,,2023-07-20 18:00,Pro,0
3a2f66a2-8379-4430-abd0-328e3e59268b,51,77265,2023-03-17 09:00,Pro,0
ffc5564d-1b14-4c9d-a020-c2d3ecd9037b,73,60578,2023-09-02 02:00,Enterprise,0
11a51afb-9620-454f-858b-9891816ef588,28,105648,2023-01-06 08:00,Enterprise,0
37119e9d-a5e7-4e21-bc51-4d611e34ea9e,52,59684,2023-05-25 18:00,Basic,1
09f6f47f-5ffe-4c32-b310-c4c818843ab4,999,25904,2023-07-07 22:00,Enterprise,1
c38769d1-20ee-4588-a05b-47ce66aa833a,27,59384,2023-09-19 12:00,Basic,1
10fe59ab-d513-48b3-a551-e99c0ce0c623,28,74346,2023-05-13 18:00,Basic,0
7efd8227-5529-47dc-be08-e9cf48645032,65,76040,2023-03-06 00:00,Basic,0
e2dfe472-65bd-4126-90d2-b89c5d1d559e,21,53627,2023-06-04 13:00,Basic,1
866bf211-555e-46f5-a4d8-f03aff567a16,33,106484,,Enterprise,0
0181ea18-ca1e-4bf5-816a-d2af0cafce09,22,59269,2023-02-11 06:00,Pro,1
c4395083-fe1b-4746-a66d-a62bdee7d90a,53,56861,2023-08-04 13:00,Enterprise,1
69158eca-f1ce-46dd-80cf-034bf1981049,67,56463,2023-05-07 04:00,Enterprise,0
7bf03c88-dbac-4bec-9465-791c2aa83ec7,55,85395,2023-03-03 11:00,Enterprise,0
d71e3d61-64c8-4928-94a7-bdc20c366eb4,57,54546,2023-10-21 13:00,Basic,0
31f0cc36-d7eb-4c9c-8db4-a3ba2e80669b,18,89914,2023-03-09 08:00,Basic,0
ed785350-9171-4138-94ac-ede624d63645,54,90291,2023-10-05 03:00,Pro,0
c3848960-6e60-4e75-971b-d31f8152a1c3,73,25516,2023-04-21 11:00,Basic,1
432f67df-d2c9-442b-9f9c-f5121cfd225a,49,64850,2023-01-17 03:00,Basic,0
d004e4f9-6684-4e42-a4cf-70a9e70cf2e7,68,45466,2023-03-01 04:00,Enterprise,0
946a28ad-23c1-448b-b572-96b1fbfd1bd6,38,59372,2023-07-18 09:00,Pro,0
8f4ce02c-ff78-4870-a23c-b9c28a031d19,42,47781,2023-10-21 22:00,Basic,0
fe82f7c5-90e3-442d-9ab8-651ebac9d0b2,,55587,2023-08-24 02:00,Enterprise,1
da2b5b6c-324e-4829-a26c-a92143a955ed,21,101845,2023-05-13 06:00,Unknown,0
ce46fa3d-0d44-40a7-bdb2-492dbd4ae4d3,21,,2023-05-26 03:00,Basic,0
01629d3f-a059-4037-9176-747f2e461b22,59,38449,2023-05-20 22:00,Enterprise,1
ddf5cbb2-64ba-4973-9187-176b57c098ec,35,64689,2023-04-14 01:00,Pro,0
cd4dfbcb-66ff-4203-86f2-85845ee608bf,18,49345,2023-12-18 20:00,Enterprise,0
366f06d9-228e-449f-9f98-ab08ba888909,47,77193,2023-10-28 21:00,Basic,0
a8aa9894-2062-4738-8bbd-8dd1bf8c0670,45,,2023-10-23 14:00,Enterprise,0
b8b2ee88-1fef-4495-9721-a677a2a97b42,67,113379,2023-01-10 16:00,Unknown,0
4c03abdc-b8a3-433d-b619-ccbfc63344e5,67,57303,2023-08-20 17:00,Enterprise,0
b7aff3c2-e12b-4282-81b5-bf7a84984f55,51,49690,2023-09-04 16:00,Basic,0
18556b9b-b547-4e75-90ea-a39619a8d678,61,51606,2023-11-28 00:00,Pro,0
053429b6-ffcb-46ec-a0b4-962ec86d84e6,44,91372,2023-02-03 12:00,Basic,0
fbd4ccfd-ac74-45b5-9e42-a3a473b993c8,68,33303,2023-09-21 19:00,Enterprise,1
c560602d-483f-4cb7-8587-b27f2456f271,21,119517,2023-03-23 08:00,Enterprise,0
2d46f449-e9d6-4dc4-87c1-2c4c71a079d7,57,94216,2023-05-26 05:00,Unknown,0
72478856-f317-4d0d-9cc3-b5aef215b698,19,54947,2023-03-25 22:00,Unknown,1
c089d188-dd10-403a-9477-3f1544db0491,53,28151,2023-12-24 12:00,Basic,1
6d140bb6-2384-44d3-8df9-6a85b19fb43e,64,55538,2023-07-26 12:00,Pro,1
2b3893d6-764e-400a-8c7c-71071614ae87,26,29309,2023-05-10 16:00,Pro,1
0cac06d6-7676-42c1-9d09-58136e75a864,24,34408,2023-04-26 10:00,Pro,1
8528acf0-0320-4b77-b1b1-c5a54104dd98,33,40778,2023-09-10 07:00,Pro,0
78cb7af0-c4a3-4c5e-9fd6-b33552c33973,,115576,2023-11-12 19:00,Pro,0
e153b61f-3d5a-4a85-a72a-2337f10a9aaa,73,72314,2023-07-28 23:00,Enterprise,0
70a04b79-ecdf-4694-9cdc-b93a614b0c15,46,106976,2023-05-17 22:00,Basic,0
b07fa1a2-fcfa-4944-b611-cb2b35187493,63,34492,2023-03-25 13:00,Pro,1
b6f112ed-350d-444d-a676-c286e3abbeb8,21,44156,2023-10-20 06:00,Enterprise,1
40b9dae1-f373-4f9d-88f8-84ca26973a0c,20,,2023-11-16 07:00,Pro,1
16e44a8a-9460-45e5-80e6-958df85cfe84,64,69298,2023-02-26 00:00,Pro,0
3f8d7555-41d9-4407-a9c6-273697a5ccbd,51,107673,2023-10-04 19:00,Basic,0
af8621f8-f38c-44a3-8e56-06b68385ea7c,48,52794,2023-11-13 17:00,Pro,1
2bcf74da-441e-4200-9a8b-5abfb5ac1cf2,61,35687,,Pro,1
8ef6a13e-827c-4bb7-9933-02305c4c6e30,30,56622,2023-04-07 06:00,Pro,1
d2872da4-0cf6-4dc7-85c4-d055d7b4d3d3,53,54712,2023-12-07 20:00,Enterprise,1
81635b74-23ea-4933-a13a-b5bd1d107826,73,35215,2023-05-16 00:00,Enterprise,1
c7367969-747e-4dd3-8ed0-226fa22fbc36,69,59364,2023-12-05 06:00,Basic,0
e6d30de5-64b1-4b22-a6e7-2e6608485f9b,53,36806,2023-12-01 11:00,Enterprise,1
c99997ed-0b17-429e-9232-4e4215164f70,21,26156,2023-10-16 04:00,Basic,1
9e3fd130-12a1-4178-b4bc-62ec968de08e,60,50767,2023-02-10 01:00,Basic,0
5f964360-7559-4ecf-9880-7e6b056446d7,44,48819,2023-05-21 04:00,Enterprise,1
0dd7cb2d-8eb2-47fd-a9aa-e77595125673,30,84375,2023-03-11 07:00,Enterprise,0
e32cc9e9-24eb-4637-8a0e-933a9f489401,55,73333,2023-04-22 21:00,Basic,0
ccc1a9d5-e442-4b8a-8ea0-e64e8ee14172,41,32743,2023-12-17 19:00,Enterprise,1
1f2dc562-a790-4855-8da8-f36592e27708,69,26652,2023-07-15 01:00,Pro,1
880715be-298f-4764-a1d2-3a7dd72dd745,22,100389,2023-02-20 23:00,Basic,0
a5c49328-d96c-4378-aa23-fe9ace8e549b,37,,2023-09-01 00:00,Enterprise,0
bea8a821-af7a-4709-acef-95d7cebad55c,22,50797,2023-11-19 09:00,Enterprise,1
2a27bc02-5516-4ebc-9116-9364d4aa58df,21,32795,2023-01-25 10:00,Enterprise,1
2368dfa5-6725-4cc1-abbc-405ed6e1787e,56,91806,2023-01-03 12:00,Pro,0
cdcc58ea-a99c-4ed8-abd7-13e26871c1c1,68,48029,2023-06-23 08:00,Enterprise,0
cb98dc53-fbfb-4fdf-a12d-236a5b8acd29,29,50169,2023-08-20 23:00,,1
446bf825-f59d-4fab-b24a-acd5ba9ad0cf,69,55072,2023-06-15 11:00,Enterprise,1
fa80b749-c33a-4aab-a019-e7acf7a048f1,26,117684,2023-08-10 11:00,Pro,0
3b3b71f5-1a92-4fb7-9cd5-6d7f8f6a2983,27,110814,2023-06-21 04:00,Enterprise,0
59aba4ef-17cc-419f-9a75-cfd46dba36cb,29,107675,2023-11-04 15:00,,0
86a2adac-acb2-4f0a-950b-e82708173ac7,64,94825,2023-12-22 23:00,Pro,0
cb9219eb-b6d5-4a72-a4c6-897e6c97a5b9,41,47919,2023-01-27 23:00,Pro,1
872e81f7-74e5-4985-9fcc-8de713a33c6b,70,43892,2023-05-17 05:00,Enterprise,0
8c64b6d1-3e05-43d5-a63f-2e468f947a23,27,27219,2023-06-02 10:00,Basic,1
9f33dea8-c5dc-4f1d-b9ba-edcbcd681b10,67,58000,2023-04-03 10:00,Basic,1
eef9cce3-7195-4b28-a927-d462786d6c1e,51,33546,2023-11-21 02:00,Basic,1
a13c1309-8c34-47af-8483-9dcbda146d69,42,35190,2023-09-28 12:00,Enterprise,1
ba2cf64e-2740-4fd0-959a-067c5ae10d35,23,56749,2023-04-16 00:00,Pro,1
aaf99c16-452e-440d-baff-e28f410e7a33,54,42521,2023-10-19 17:00,Pro,0
2b9481b2-a7e7-4a68-94d6-a17959c658af,,42227,2023-03-24 06:00,Enterprise,1
cb3d28d7-b16a-4f70-8fe4-4807272ee9e6,999,54965,2023-01-23 14:00,Basic,1
89d625da-27b5-42f0-b97c-534b375f4033,26,55068,,Pro,1
2b000b5f-4886-4514-bff8-28adca5e7e90,36,75081,2023-10-12 07:00,Basic,0
b8576e16-dd3a-4029-ad89-c5355b78c04e,39,102714,2023-10-04 09:00,Enterprise,0
ac7a08b1-ff29-49db-b488-51f2256488dd,71,41764,2023-10-13 17:00,Basic,0
93ebb0d2-c11f-4db0-b349-aaa1430ac0ed,65,50912,2023-06-05 17:00,Unknown,1
54457650-5ad3-4d8f-acbe-0bdb8cbe544e,18,97670,2023-06-07 08:00,Enterprise,0
77babb86-3ebb-421e-97dc-b5ba368728a0,54,43718,2023-09-03 00:00,Enterprise,1
1218875a-5445-4b50-a3ec-d98fc966428f,51,,,Enterprise,0
004fed8b-ab37-459a-969a-5fafeca784e4,19,43775,2023-01-21 07:00,Enterprise,0
e71be1b4-f408-4549-82e6-03d6fac7d670,30,21831,2023-02-15 15:00,Pro,1
3aed587a-6874-4979-b725-fa4df0beaf07,21,34393,2023-10-27 09:00,Basic,1
8a34a3ff-baa5-4f76-8ad4-bc2aa78d6a37,23,,2023-06-24 23:00,Enterprise,1
d8dba20c-6b77-46bf-8f0a-5bda5982e55e,52,79384,2023-05-22 17:00,Enterprise,0
36ad5a0e-0037-46fd-9128-05c5938374d7,38,68404,,Enterprise,0
805c8dbd-b4ac-490a-914c-bd3e4e05cd4a,999,51038,2023-06-09 23:00,Basic,1
591675d0-4d85-49b9-8d31-b4aed0cce9bb,50,58649,2023-05-28 05:00,Enterprise,1
a21e10bf-c958-4205-a9bd-fd3b32fdc09e,,,2023-02-06 05:00,Enterprise,0
cfa0edb3-c4a3-46b7-b7ca-cdad6d405022,56,118936,2023-11-27 04:00,Enterprise,0
230017b7-01c1-4533-9401-2631a27018a6,52,84383,2023-10-23 19:00,Enterprise,0
a83a3ac9-4b3f-41fb-9bba-70c5776876cd,999,106725,2023-11-22 14:00,Pro,0
21ea37bb-08d7-4603-a201-f8dca0415f08,20,71469,2023-04-23 05:00,Pro,0
0773e1c6-3034-4ced-aa49-d026acde1e99,73,110952,2023-05-06 06:00,Basic,0
2297936c-2572-4446-b24a-c3a9983375aa,36,32463,2023-02-22 00:00,Enterprise,1
ef8f0565-c5a6-4bb2-9e6f-69e331803822,66,49407,2023-06-27 06:00,Pro,1
cef1ce62-98fd-423d-bc04-d6d5cbc1d890,46,21229,2023-01-05 09:00,Basic,1
c41b8331-a035-40dd-9080-cdff62ef6ce9,29,20061,2023-12-11 02:00,Pro,1
69f2c7ca-5c91-41bf-8ce2-17522da2042e,45,45940,2023-06-02 09:00,Basic,1
bd3d4bf2-e8a4-42b0-9a28-1861c78773e9,60,,2023-12-02 18:00,Pro,0
0499445e-7e80-4aaa-b8e4-0b724f7ae609,46,50016,2023-03-27 00:00,Pro,1
c8b96d28-fd49-43c8-818f-8f72821f59c9,,33826,2023-10-28 17:00,Enterprise,1
2cb57b9f-3781-4e97-a6cf-cdf82f426672,20,81214,2023-10-28 19:00,Basic,0
72da66ab-d0ed-4831-a8ac-d4cb1454049b,36,43654,2023-07-06 02:00,Basic,1
b58634bd-04f3-41e7-b890-23f750a6bdf4,75,20796,2023-05-16 08:00,Pro,1
da436832-3a45-4a2a-bb13-6ffa87e84432,56,97786,2023-02-14 20:00,Basic,0
4b2073d6-d032-4b72-adc6-880a5106b333,39,83073,2023-01-02 20:00,Enterprise,0
fb338716-44e0-48bf-894c-951208c925a5,59,40537,2023-05-08 07:00,Pro,1
50946548-8ef6-4947-b3fb-5912002eea1e,52,101086,2023-10-16 02:00,Pro,0
ed62061c-da41-4a62-9490-7a55b6d6284f,26,34350,2023-12-24 01:00,Enterprise,1
89348b57-dcf3-4534-9a1c-099b6b5fdb6e,46,75812,2023-08-18 20:00,Enterprise,0
fbc388a2-0ef0-4f6d-aa90-7a90f1d343ff,30,78456,2023-04-05 15:00,Enterprise,0
fb2e3b03-b63f-4343-a159-814611080492,32,49996,2023-04-13 09:00,Enterprise,1
a11ceeb0-592e-4ff5-b908-fa5de0ba2d6e,32,57073,2023-06-09 17:00,Pro,1
276b1357-79e5-4daf-ab48-5fad84f1aa56,69,36696,2023-09-25 06:00,Pro,1
74a56fa5-4804-4ae1-b672-03149beb0da8,66,83031,2023-03-14 01:00,Pro,0
b38fce40-9b05-48b4-ad61-345a3d26909b,63,,2023-03-02 10:00,Enterprise,1
8e85f069-1a35-4e86-874d-a61ab71d19f5,66,22719,2023-05-12 07:00,Basic,1
8cfae498-abe2-41fa-b113-6e3197b672ee,69,,,Basic,0
268cc5e7-bb6f-4a27-ac76-88f9c0e98a25,45,67107,2023-03-10 11:00,Pro,0
4546fc33-c2c7-45f8-b732-9d4efc376de5,71,75245,2023-03-28 10:00,Pro,0
92b19718-7695-4960-b283-c0a4e539557c,38,33842,2023-08-28 15:00,Basic,1
7a141816-ca33-4415-8c3c-cc51a3fbff15,51,50580,2023-03-23 22:00,Basic,0
ea0a1c81-1d22-46e5-9d3f-1a1123db99bd,35,97065,2023-01-14 06:00,,0
282b1f5a-0d14-4587-b4c5-4d8911bc7903,,55302,2023-07-08 14:00,Basic,1
e3b21aa7-25b9-4d49-97c7-f1fb90a0adaf,61,42264,2023-08-28 03:00,Pro,1
f2be55dd-93cc-4b85-a6f6-427f002d8603,45,49352,2023-01-06 19:00,Pro,1
e980db61-8f85-4102-99e5-a3f577b68a04,53,30937,2023-04-04 20:00,Enterprise,1
0a9ada1c-6e3f-4117-833a-9182003dc470,72,,2023-11-23 03:00,Pro,1
2ee45d88-2c6e-4612-a2c3-91c6563663cb,43,72729,2023-12-24 17:00,Enterprise,0
f4798a53-531c-451c-a66f-ec7c0a28d752,66,27877,2023-09-11 11:00,Basic,1
1ed55105-2b7f-4eb5-952a-b7911bb60940,59,55208,2023-07-04 07:00,Enterprise,1
e9d4967c-b774-4d38-afdf-655953001e07,54,81154,2023-05-08 04:00,Enterprise,0
32863c00-a0c9-407b-a46f-14fb40ed5555,67,70621,2023-12-21 09:00,Unknown,0
6b8c61ae-1e5f-4393-8922-175b12f244d1,999,81821,2023-07-05 19:00,Basic,0
e075f029-2ead-4305-8237-5d0b5ba52a3b,69,52974,2023-02-18 18:00,Basic,0
398120f3-03bc-4eb8-805c-2284ca9994db,38,52199,2023-05-02 19:00,Enterprise,0
8f9275a3-06b0-41e5-b21e-020701d1cead,70,47669,2023-03-18 06:00,Enterprise,1
670d836c-f483-466a-825b-de0174f083a3,,59637,2023-03-21 23:00,Enterprise,1
3916c261-a007-44e5-9999-0fe78a8cfaa8,22,49677,2023-10-21 10:00,Basic,1
9310db74-c911-4a74-81ea-4a9c9b21490f,40,48149,2023-09-17 06:00,Enterprise,0
c682eddd-3489-4288-a0c7-6e729d0beb07,49,92964,2023-12-04 03:00,Pro,0
6ef4ffdf-1750-4376-9e11-9c44e88608e5,63,58580,2023-01-12 13:00,Basic,0
f4eac02f-40a1-417e-a942-a898c1e6b113,25,86627,2023-01-05 22:00,Pro,0
b0e15ceb-f2eb-42e5-8a18-e084e896c3d7,27,,2023-12-14 06:00,Pro,1
7b883d5b-39e1-4a77-825f-fcf3c154c449,29,,2023-07-13 11:00,Pro,0
71587cad-3612-441e-a516-4afe31bf6570,59,,2023-02-19 04:00,Basic,1
c72d459a-441b-4255-8636-44721c505537,18,31644,2023-07-19 15:00,Enterprise,1
267bc478-8b0d-4c9f-b212-da87275453be,39,116235,2023-06-07 05:00,Pro,0
6c84436f-01fc-46d2-baf4-746954e8f337,72,24501,2023-04-20 04:00,Basic,1
